score_id	set_id	difficulty	tags
6583477	5106766	1	american,art-song,classical,female-composer,late-romantic,romantic,piano
6583512	5106766	1	american,art-song,classical,female-composer,late-romantic,romantic,piano
6583907	5106769	1	art-song,british,classical,classical-period,female-composer,piano
6583966	5106769	2	art-song,british,classical,classical-period,female-composer,sacred,piano
6211535	5103566	1	art-song,british,classical,late-romantic,romantic,sea-and-water,song-cycle,piano
6211549	5103566	2	art-song,british,classical,late-romantic,romantic,song-cycle,travel,piano
6211555	5103566	2	art-song,british,classical,late-romantic,night,romantic,song-cycle,piano
6211559	5103566	2	art-song,british,classical,late-romantic,romantic,song-cycle,piano
6211561	5103566	2	art-song,british,classical,late-romantic,romantic,seasons,song-cycle,piano
6623221	5106882	2	art-song,british,classical,female-composer,mourning,romantic,piano
6623145	5106882	1	art-song,british,classical,female-composer,romantic,piano
6622814	5106882	1	art-song,british,classical,female-composer,romantic,piano
6585571	5106882	1	art-song,british,classical,female-composer,romantic,piano
6586675	5106882	2	art-song,british,classical,female-composer,romantic,sea-and-water,piano
6478624	5105982	2	art-song,british,classical,romantic,piano
6479829	5105982	1	art-song,british,classical,romantic,piano
6586696	5106884	2	art-song,british,classical,female-composer,late-romantic,love,romantic,piano
6212179	5103537	3	american,art-song,classical,female-composer,late-romantic,romantic,seasons,song-cycle,piano
6212193	5103537	3	american,art-song,classical,female-composer,late-romantic,love,romantic,song-cycle,piano
6212196	5103537	2	american,art-song,classical,female-composer,late-romantic,love,romantic,song-cycle,piano
6564424	5106666	1	american,art-song,classical,female-composer,late-romantic,romantic,song-cycle,piano
6564767	5106666	1	american,art-song,classical,female-composer,late-romantic,romantic,song-cycle,piano
6564816	5106666	1	american,art-song,classical,female-composer,late-romantic,lullaby,romantic,song-cycle,piano
6245971	5103538	1	american,art-song,classical,female-composer,late-romantic,romantic,song-cycle,piano
6245972	5103538	1	american,art-song,classical,female-composer,late-romantic,romantic,song-cycle,piano
6245973	5103538	2	american,art-song,classical,female-composer,late-romantic,romantic,song-cycle,piano
6245974	5103538	2	american,art-song,birds,classical,female-composer,late-romantic,romantic,song-cycle,piano
5115311	5032884	1	art-song,classical,classical-period,german,song-cycle,piano
4946378	5032884	1	art-song,classical,classical-period,german,love,song-cycle,piano
5115550	5032884	1	art-song,classical,classical-period,german,song-cycle,piano
5121134	5032884	1	art-song,classical,classical-period,german,song-cycle,piano
5121692	5032884	1	art-song,classical,classical-period,german,song-cycle,piano
5125008	5032884	2	art-song,classical,classical-period,german,song-cycle,piano
6488630	5106092	2	art-song,classical,classical-period,german,song-cycle,travel,piano
6491340	5106092	2	art-song,classical,classical-period,german,song-cycle,piano
6491353	5106092	1	art-song,classical,classical-period,german,song-cycle,piano
6491377	5106092	1	art-song,classical,classical-period,german,song-cycle,piano
6491411	5106092	2	art-song,classical,classical-period,german,mourning,song-cycle,piano
6491431	5106092	2	art-song,classical,classical-period,german,song-cycle,piano
6491461	5106092	1	art-song,classical,classical-period,german,song-cycle,piano
6491478	5106092	1	art-song,classical,classical-period,german,song-cycle,piano
6592481	5106889	2	art-song,british,classical,classical-period,female-composer,piano
6486038	5105780	2	art-song,british,classical,classical-period,piano
6446003	5105780	3	art-song,british,classical,classical-period,piano
6877413	5079544	3	art-song,classical,french,romantic,song-cycle,piano
6877530	5079544	2	art-song,classical,french,romantic,song-cycle,piano
6877589	5079544	2	art-song,classical,french,romantic,song-cycle,piano
6878940	5079544	2	art-song,classical,french,romantic,song-cycle,piano
6888209	5079544	2	art-song,classical,dreams,french,romantic,song-cycle,piano
6894036	5079544	1	art-song,classical,french,love,romantic,song-cycle,piano
6895220	5079544	3	art-song,classical,french,romantic,song-cycle,piano
6895581	5079544	2	art-song,classical,french,romantic,song-cycle,piano
6898041	5079544	2	art-song,classical,french,romantic,song-cycle,piano
6898141	5079544	2	art-song,classical,french,romantic,serenade,song-cycle,piano
6901078	5079544	1	art-song,classical,french,lullaby,romantic,song-cycle,piano
6901197	5079544	3	art-song,classical,french,romantic,song-cycle,piano
5079487	5079544	3	art-song,classical,french,romantic,song-cycle,piano
6902355	5079544	2	art-song,classical,french,romantic,song-cycle,piano
6902615	5079544	3	art-song,classical,french,romantic,song-cycle,piano
6903757	5079544	2	art-song,classical,french,romantic,song-cycle,piano
6903010	5079544	2	art-song,classical,french,love,romantic,song-cycle,piano
6905092	5079544	2	art-song,classical,french,romantic,song-cycle,piano
6906944	5079544	3	art-song,classical,french,romantic,song-cycle,piano
6908450	5079544	1	art-song,classical,french,romantic,song-cycle,piano
5079494	5079497	1	art-song,classical,french,nature,romantic,song-cycle,piano
5079502	5079497	3	art-song,classical,french,romantic,song-cycle,piano
5079512	5079497	2	art-song,classical,french,romantic,song-cycle,piano
5079521	5079497	2	art-song,classical,french,romantic,song-cycle,piano
5079527	5079497	3	art-song,classical,french,love,nature,romantic,song-cycle,piano
5079539	5079497	2	art-song,classical,french,romantic,song-cycle,piano
6635424	5107411	1	art-song,classical,female-composer,french,late-romantic,romantic,piano
6635391	5107411	2	art-song,classical,female-composer,french,late-romantic,romantic,piano
5983850	5101802	2	art-song,classical,early-modern,female-composer,french,piano
5983777	5101802	2	art-song,classical,early-modern,female-composer,french,piano
5983679	5101802	2	art-song,classical,early-modern,female-composer,french,piano
5852737	5100931	2	art-song,classical,early-modern,female-composer,french,song-cycle,piano
5854283	5100931	2	art-song,classical,early-modern,female-composer,french,song-cycle,piano
5855622	5100931	3	art-song,classical,early-modern,female-composer,french,song-cycle,piano
5857981	5100931	3	art-song,classical,early-modern,female-composer,french,song-cycle,piano
5861338	5100931	2	art-song,classical,early-modern,female-composer,french,song-cycle,piano
5861752	5100931	2	art-song,classical,dreams,early-modern,female-composer,french,song-cycle,piano
5864781	5100931	2	art-song,classical,early-modern,female-composer,french,song-cycle,piano
5864837	5100931	2	art-song,classical,early-modern,female-composer,french,song-cycle,piano
5884544	5100931	3	art-song,classical,early-modern,female-composer,french,song-cycle,piano
5887314	5100931	3	art-song,classical,early-modern,female-composer,french,song-cycle,piano
5901729	5100931	2	art-song,classical,early-modern,female-composer,french,song-cycle,piano
5901950	5100931	2	art-song,classical,early-modern,female-composer,french,song-cycle,piano
5902873	5100931	3	art-song,classical,early-modern,female-composer,french,song-cycle,piano
6403636	5104057	3	art-song,british,classical,late-romantic,romantic,song-cycle,piano
6403758	5104057	2	art-song,british,classical,late-romantic,lullaby,romantic,song-cycle,piano
6404150	5104057	3	art-song,british,classical,late-romantic,love,romantic,song-cycle,travel,piano
6404394	5104057	2	art-song,british,classical,late-romantic,romantic,song-cycle,piano
6405467	5104057	2	art-song,british,classical,late-romantic,romantic,seasons,song-cycle,piano
6405594	5104057	1	art-song,british,classical,late-romantic,romantic,song-cycle,piano
6407509	5104057	3	art-song,british,classical,late-romantic,romantic,song-cycle,piano
6409323	5104057	1	art-song,british,classical,late-romantic,romantic,song-cycle,piano
6412767	5104057	2	art-song,british,classical,late-romantic,romantic,song-cycle,piano
6416048	5104057	3	art-song,british,classical,late-romantic,romantic,song-cycle,piano
6414608	5104057	3	art-song,british,classical,late-romantic,romantic,song-cycle,piano
6416290	5104057	2	art-song,british,classical,late-romantic,romantic,song-cycle,piano
6302395	5104578	3	art-song,classical,german,romantic,song-cycle,piano
6320420	5104578	1	art-song,classical,german,lullaby,romantic,song-cycle,piano
5084888	5071658	2	art-song,classical,german,romantic,song-cycle,piano
5071668	5071658	1	art-song,classical,german,romantic,song-cycle,piano
5071654	5071658	2	art-song,classical,german,romantic,song-cycle,piano
5084966	5071658	2	art-song,birds,classical,german,romantic,song-cycle,piano
6686592	5107949	2	art-song,classical,german,romantic,song-cycle,piano
6686901	5107949	1	art-song,classical,german,romantic,song-cycle,piano
6686980	5107949	2	art-song,classical,german,mourning,romantic,song-cycle,piano
6687153	5107949	2	art-song,classical,german,romantic,song-cycle,piano
5153813	5067679	2	art-song,classical,german,love,romantic,song-cycle,piano
5153947	5067679	2	art-song,classical,german,romantic,song-cycle,piano
5067677	5067679	1	art-song,classical,german,romantic,song-cycle,piano
5067672	5067679	1	art-song,classical,german,romantic,song-cycle,piano
5656522	5032882	2	art-song,classical,german,romantic,song-cycle,piano
4946175	5032882	2	art-song,classical,german,romantic,song-cycle,piano
5654342	5032882	1	art-song,classical,german,romantic,song-cycle,piano
5659823	5032882	2	art-song,classical,german,romantic,song-cycle,piano
5071644	5032882	1	art-song,classical,german,romantic,song-cycle,piano
5700433	5096872	3	art-song,classical,german,romantic,song-cycle,piano
5667944	5096872	2	art-song,classical,german,romantic,song-cycle,piano
5098713	5096872	3	art-song,classical,german,romantic,song-cycle,piano
5701612	5096872	1	art-song,classical,german,lullaby,romantic,song-cycle,piano
4978492	5096872	3	art-song,classical,german,romantic,song-cycle,piano
5069022	5069034	1	art-song,classical,german,love,romantic,song-cycle,piano
5069028	5069034	1	art-song,classical,german,romantic,song-cycle,piano
5069033	5069034	1	art-song,classical,german,romantic,song-cycle,piano
5654485	5069034	1	art-song,classical,german,romantic,song-cycle,piano
5667745	5069034	3	art-song,classical,german,romantic,song-cycle,piano
5667843	4910391	3	art-song,classical,german,romantic,song-cycle,piano
4904021	4910391	1	art-song,classical,german,love,romantic,seasons,song-cycle,piano
5004701	4910391	2	art-song,classical,german,love,romantic,seasons,song-cycle,piano
5667849	4910391	2	art-song,classical,german,romantic,song-cycle,piano
5098672	4910391	1	art-song,classical,german,romantic,song-cycle,piano
5098678	4910391	2	art-song,classical,german,romantic,song-cycle,piano
5636215	5067697	2	art-song,classical,german,romantic,song-cycle,piano
5067692	5067697	1	art-song,classical,german,romantic,seasons,song-cycle,piano
5098700	5067697	2	art-song,classical,german,romantic,song-cycle,piano
5098690	5067697	2	art-song,classical,german,romantic,song-cycle,piano
5098732	5067697	2	art-song,classical,german,romantic,song-cycle,piano
5639135	5067697	3	art-song,classical,german,romantic,song-cycle,piano
5649214	5096870	3	art-song,classical,german,love,romantic,song-cycle,piano
5652206	5096870	2	art-song,classical,german,romantic,song-cycle,piano
5652250	5096870	1	art-song,classical,german,romantic,song-cycle,piano
5098632	5096870	1	art-song,classical,folk,german,romantic,song-cycle,piano
5098625	5096870	1	art-song,classical,german,romantic,song-cycle,piano
5653497	5096870	3	art-song,classical,german,romantic,song-cycle,piano
5705406	5013857	1	art-song,classical,german,love,romantic,song-cycle,piano
5071622	5013857	1	art-song,classical,german,romantic,song-cycle,piano
4946239	5013857	2	art-song,classical,german,romantic,song-cycle,piano
5705564	5013857	2	art-song,classical,german,love,romantic,song-cycle,piano
5071629	5013857	1	art-song,classical,german,romantic,song-cycle,piano
5705502	5013857	1	art-song,classical,german,romantic,song-cycle,piano
5071636	5013857	2	art-song,classical,german,romantic,song-cycle,piano
5695716	5096871	1	art-song,classical,german,romantic,song-cycle,piano
5695728	5096871	1	art-song,classical,german,romantic,song-cycle,piano
5695734	5096871	2	art-song,classical,german,romantic,song-cycle,piano
5725144	5096871	1	art-song,classical,german,romantic,song-cycle,piano
5726490	5096871	3	art-song,classical,german,romantic,song-cycle,piano
5098666	5096871	1	art-song,classical,german,romantic,song-cycle,piano
5729178	5096871	1	art-song,classical,german,romantic,serenade,song-cycle,piano
5729860	5096871	1	art-song,classical,german,romantic,song-cycle,piano
5106861	5033060	3	art-song,classical,german,romantic,song-cycle,piano
5107106	5033060	1	art-song,classical,german,romantic,song-cycle,piano
5071686	5033060	2	art-song,classical,german,romantic,song-cycle,piano
5033057	5033060	2	art-song,classical,german,romantic,song-cycle,piano
5071689	5033060	2	art-song,classical,german,romantic,song-cycle,piano
5071694	5033060	2	art-song,classical,german,romantic,song-cycle,piano
5071678	5033060	3	art-song,classical,german,romantic,song-cycle,piano
5155459	5033060	3	art-song,classical,german,romantic,song-cycle,piano
5123355	5071706	3	art-song,classical,german,romantic,song-cycle,piano
5098725	5071706	2	art-song,classical,german,romantic,song-cycle,piano
5071703	5071706	3	art-song,classical,german,romantic,song-cycle,piano
5098705	5071706	3	art-song,classical,german,romantic,song-cycle,piano
5098709	5071706	2	art-song,classical,german,romantic,song-cycle,piano
5098685	5071706	1	art-song,classical,german,romantic,song-cycle,piano
5098719	5071706	2	art-song,classical,german,romantic,song-cycle,piano
5098715	5071706	2	art-song,classical,german,romantic,serenade,song-cycle,piano
5057822	5032872	2	art-song,classical,german,romantic,song-cycle,piano
5057985	5032872	2	art-song,classical,german,romantic,sea-and-water,song-cycle,piano
5058091	5032872	2	art-song,classical,german,romantic,song-cycle,piano
5058194	5032872	1	art-song,classical,german,romantic,song-cycle,piano
5087729	5032872	1	art-song,classical,german,romantic,song-cycle,piano
4926375	5032872	2	art-song,classical,german,night,romantic,song-cycle,piano
5058636	5032872	1	art-song,classical,german,romantic,song-cycle,piano
5058657	5032872	1	art-song,classical,german,romantic,song-cycle,piano
5069058	5033093	3	art-song,classical,german,night,romantic,song-cycle,piano
5846184	5033093	2	art-song,classical,german,romantic,song-cycle,piano
5069066	5033093	2	art-song,classical,german,romantic,song-cycle,piano
5069048	5033093	3	art-song,classical,german,romantic,song-cycle,piano
5846139	5033093	2	art-song,classical,german,romantic,song-cycle,piano
5098641	5033093	2	art-song,classical,german,romantic,song-cycle,piano
5033089	5033093	1	art-song,classical,german,romantic,song-cycle,piano
5098645	5033093	3	art-song,classical,german,romantic,song-cycle,piano
5846100	5033093	2	art-song,classical,german,romantic,song-cycle,piano
5098659	5033077	3	art-song,classical,german,romantic,song-cycle,piano
5098657	5033077	1	art-song,classical,german,romantic,song-cycle,piano
5925389	5033077	2	art-song,classical,german,romantic,song-cycle,piano
5033075	5033077	3	art-song,classical,german,romantic,song-cycle,piano
5934726	5033077	3	art-song,classical,german,romantic,song-cycle,piano
5098728	5033077	1	art-song,classical,german,romantic,song-cycle,piano
5936324	5033077	2	art-song,classical,german,romantic,song-cycle,piano
5937814	5033077	1	art-song,classical,german,romantic,song-cycle,piano
5940230	5033077	3	art-song,classical,german,romantic,song-cycle,piano
8708253	5577240	2	art-song,classical,german,romantic,song-cycle,piano
8708688	5577240	1	art-song,classical,german,romantic,song-cycle,piano
8712405	5577240	1	art-song,classical,german,romantic,song-cycle,piano
8712648	5577240	1	art-song,classical,german,romantic,song-cycle,piano
8702982	5577240	1	art-song,classical,german,romantic,song-cycle,piano
8718660	5577240	1	art-song,classical,german,romantic,song-cycle,piano
6451773	5103544	2	art-song,british,classical,late-romantic,romantic,piano
6451405	5103544	2	art-song,british,classical,late-romantic,romantic,piano
6474919	5103544	2	art-song,british,classical,dreams,late-romantic,romantic,piano
6257518	5103544	2	art-song,british,classical,late-romantic,romantic,piano
6476797	5103544	2	art-song,british,classical,late-romantic,love,romantic,piano
6322601	5103544	1	art-song,british,classical,late-romantic,romantic,piano
6478017	5103544	2	art-song,british,classical,late-romantic,romantic,piano
6451818	5103544	2	art-song,british,classical,late-romantic,romantic,piano
6477819	5103544	3	art-song,british,classical,late-romantic,romantic,piano
6588872	5106888	1	american,art-song,classical,female-composer,romantic,piano
6588799	5106888	2	american,art-song,birds,classical,female-composer,romantic,piano
6589315	5106888	2	american,art-song,classical,female-composer,romantic,piano
6565727	5104072	2	american,art-song,classical,late-romantic,romantic,spiritual,piano
6351349	5104072	2	american,art-song,classical,late-romantic,romantic,spiritual,piano
6753259	5104072	1	american,art-song,classical,late-romantic,romantic,spiritual,piano
6518082	5104071	2	american,art-song,classical,late-romantic,romantic,song-cycle,spiritual,piano
6518134	5104071	1	american,art-song,classical,late-romantic,nature,romantic,song-cycle,spiritual,piano
6518141	5104071	2	american,art-song,classical,late-romantic,romantic,song-cycle,spiritual,piano
6471377	5104071	2	american,art-song,classical,late-romantic,romantic,song-cycle,spiritual,piano
6471199	5104071	1	american,art-song,classical,late-romantic,romantic,song-cycle,spiritual,piano
6469541	5103552	2	art-song,british,classical,early-modern,love,piano
6214840	5103550	1	art-song,british,classical,early-modern,song-cycle,piano
6214844	5103550	1	art-song,british,classical,early-modern,song-cycle,piano
6214845	5103550	1	art-song,british,classical,early-modern,song-cycle,piano
6214846	5103550	2	art-song,british,classical,early-modern,song-cycle,piano
6214847	5103550	1	art-song,british,classical,early-modern,song-cycle,piano
6214848	5103550	1	art-song,british,classical,early-modern,song-cycle,piano
6377942	5103551	1	art-song,british,classical,early-modern,song-cycle,piano
6378337	5103551	1	art-song,british,classical,early-modern,song-cycle,piano
6378373	5103551	1	art-song,british,classical,early-modern,song-cycle,piano
6379527	5103551	2	art-song,british,classical,early-modern,seasons,song-cycle,piano
6379750	5103551	1	art-song,british,classical,early-modern,love,song-cycle,piano
6480111	5105983	2	art-song,british,classical,romantic,piano
6587611	5100086	2	art-song,classical,french,romantic,piano
6497657	5100086	2	art-song,classical,french,romantic,piano
5077917	5100086	2	art-song,classical,french,romantic,piano
6260992	5097140	1	art-song,classical,female-composer,french,late-romantic,romantic,piano
6261036	5097140	1	art-song,classical,female-composer,french,late-romantic,romantic,piano
4999292	5097140	2	art-song,classical,female-composer,french,late-romantic,romantic,piano
4999304	5097140	2	art-song,classical,female-composer,french,late-romantic,love,romantic,seasons,piano
6261607	5097140	2	art-song,classical,female-composer,french,late-romantic,romantic,piano
6262515	5097140	2	art-song,classical,female-composer,french,late-romantic,romantic,piano
4999309	5097140	2	art-song,classical,female-composer,french,late-romantic,romantic,piano
6262544	5097140	2	art-song,classical,female-composer,french,late-romantic,romantic,piano
6264558	5097140	1	art-song,classical,female-composer,french,late-romantic,night,romantic,piano
6264559	5097140	1	art-song,classical,female-composer,french,late-romantic,lullaby,romantic,piano
6264560	5097140	1	art-song,classical,female-composer,french,late-romantic,romantic,piano
6264562	5097140	1	art-song,classical,female-composer,french,late-romantic,romantic,piano
6415075	5097140	2	art-song,classical,female-composer,french,late-romantic,romantic,piano
6312216	5097140	2	art-song,classical,female-composer,french,late-romantic,romantic,piano
6293357	5097140	2	art-song,classical,female-composer,french,late-romantic,romantic,piano
4999324	5097140	2	art-song,classical,female-composer,french,late-romantic,romantic,piano
5001810	5097140	2	art-song,classical,female-composer,french,late-romantic,nature,romantic,piano
4999590	5097140	3	art-song,classical,female-composer,french,late-romantic,romantic,piano
6260946	5097140	1	art-song,classical,female-composer,french,late-romantic,romantic,piano
6263726	5097140	2	art-song,classical,female-composer,french,late-romantic,love,romantic,piano
5987667	5097140	2	art-song,classical,female-composer,french,late-romantic,romantic,seasons,piano
4999332	5097140	2	art-song,classical,female-composer,french,late-romantic,romantic,piano
4999581	5097140	1	art-song,classical,female-composer,french,late-romantic,romantic,piano,war-and-patriotic
4999602	5097140	2	art-song,classical,dreams,female-composer,french,late-romantic,romantic,piano
5001820	5097140	2	art-song,classical,female-composer,french,late-romantic,romantic,piano
4999607	5097140	3	art-song,classical,female-composer,french,late-romantic,love,romantic,piano
5000336	5097140	2	art-song,classical,dreams,female-composer,french,late-romantic,night,romantic,piano
5000341	5097140	2	art-song,classical,female-composer,french,late-romantic,romantic,piano
5000347	5097140	2	art-song,classical,female-composer,french,late-romantic,romantic,piano
5004771	5097140	2	art-song,classical,female-composer,french,late-romantic,romantic,piano
5000363	5097140	1	art-song,classical,female-composer,french,late-romantic,romantic,piano
5077645	5077648	3	art-song,classical,french,late-romantic,romantic,song-cycle,piano
5077651	5077648	1	art-song,classical,french,late-romantic,romantic,song-cycle,piano
5077660	5077648	3	art-song,classical,french,late-romantic,romantic,song-cycle,piano
5077675	5077648	1	art-song,classical,french,late-romantic,romantic,song-cycle,piano
5920728	5077648	3	art-song,classical,french,late-romantic,romantic,serenade,song-cycle,piano
5161599	5077648	1	art-song,classical,french,late-romantic,romantic,song-cycle,piano
5077780	5077648	2	art-song,classical,french,late-romantic,romantic,song-cycle,piano
5057840	5057842	3	art-song,classical,french,late-romantic,romantic,song-cycle,piano
5057844	5057842	1	art-song,classical,french,late-romantic,romantic,song-cycle,piano
5057847	5057842	2	art-song,classical,french,late-romantic,romantic,song-cycle,piano
5057851	5057842	3	art-song,classical,french,late-romantic,romantic,song-cycle,piano
5057849	5057842	2	art-song,classical,french,late-romantic,romantic,song-cycle,piano
6232117	5103493	1	art-song,british,classical,late-romantic,romantic,seasons,piano
6548435	5103493	2	art-song,british,classical,late-romantic,romantic,piano
6189652	5103497	2	art-song,british,classical,late-romantic,romantic,sea-and-water,song-cycle,piano
6189644	5103497	1	art-song,british,classical,late-romantic,mourning,romantic,song-cycle,piano
6189637	5103497	2	art-song,british,classical,late-romantic,romantic,song-cycle,piano
6189628	5103497	2	art-song,british,classical,late-romantic,romantic,song-cycle,piano
6189622	5103497	2	art-song,british,classical,late-romantic,romantic,song-cycle,piano
6189616	5103497	2	art-song,british,classical,late-romantic,love,romantic,song-cycle,piano
6480349	5105986	1	art-song,british,classical,late-romantic,romantic,piano
5054931	5054958	2	art-song,classical,german,romantic,song-cycle,piano
5054941	5054958	2	art-song,classical,german,romantic,song-cycle,piano
5054946	5054958	2	art-song,classical,german,lullaby,romantic,song-cycle,piano
5054953	5054958	1	art-song,classical,german,romantic,song-cycle,piano
5054957	5054958	1	art-song,classical,german,romantic,song-cycle,piano
5124429	5054958	1	art-song,classical,german,romantic,song-cycle,piano
5051346	5051360	1	art-song,classical,german,romantic,song-cycle,piano
5051349	5051360	2	art-song,classical,german,romantic,song-cycle,piano
5051353	5051360	2	art-song,classical,german,romantic,song-cycle,piano
5051357	5051360	2	art-song,classical,german,romantic,song-cycle,piano
5051358	5051360	1	art-song,classical,german,romantic,song-cycle,piano
5051359	5051360	3	art-song,classical,german,romantic,song-cycle,piano
5062156	5062162	1	art-song,classical,german,romantic,song-cycle,piano
5062158	5062162	1	art-song,classical,german,romantic,song-cycle,piano
5062159	5062162	1	art-song,classical,german,romantic,song-cycle,piano
5820797	5062162	2	art-song,classical,german,romantic,song-cycle,piano
5062136	5062145	3	art-song,classical,german,romantic,song-cycle,piano
5062139	5062145	3	art-song,classical,german,romantic,song-cycle,piano
5062141	5062145	1	art-song,classical,german,romantic,song-cycle,piano
5043594	5043619	1	art-song,classical,german,mourning,romantic,song-cycle,piano
5043586	5043619	1	art-song,classical,german,mourning,romantic,song-cycle,piano
5045654	5043619	1	art-song,classical,german,mourning,romantic,song-cycle,piano
5043569	5043619	1	art-song,classical,dreams,german,mourning,romantic,song-cycle,piano
5043613	5043619	2	art-song,classical,german,mourning,romantic,song-cycle,piano
5043618	5043619	1	art-song,classical,german,mourning,romantic,song-cycle,piano
7006856	5110379	1	art-song,classical,german,romantic,song-cycle,piano
7006959	5110379	1	art-song,classical,german,romantic,song-cycle,piano
7008709	5110379	2	art-song,classical,german,romantic,song-cycle,piano
7011202	5110379	1	art-song,classical,german,romantic,song-cycle,piano
7011252	5110379	2	art-song,classical,german,romantic,song-cycle,piano
7018964	5110379	2	art-song,classical,german,romantic,song-cycle,piano
7019213	5110379	2	art-song,classical,german,romantic,song-cycle,piano
7019290	5110379	1	art-song,classical,german,romantic,song-cycle,piano
6482928	5105987	2	art-song,british,classical,late-romantic,romantic,piano
6484163	5105987	1	art-song,british,classical,late-romantic,romantic,piano
6484095	5105987	2	art-song,british,classical,late-romantic,romantic,piano
6215563	5103573	2	art-song,british,children,classical,late-romantic,romantic,song-cycle,piano
6218722	5103573	2	art-song,british,children,classical,late-romantic,romantic,song-cycle,piano
6218728	5103573	2	art-song,british,children,classical,late-romantic,romantic,song-cycle,piano
6218732	5103573	1	art-song,british,children,classical,late-romantic,romantic,song-cycle,piano
6218734	5103573	3	art-song,british,children,classical,late-romantic,romantic,song-cycle,piano
6218737	5103573	2	art-song,british,children,classical,late-romantic,romantic,song-cycle,piano
6218740	5103573	2	art-song,british,children,classical,late-romantic,lullaby,romantic,song-cycle,piano
6218743	5103573	2	art-song,british,children,classical,late-romantic,romantic,song-cycle,piano
7163829	5110892	1	art-song,classical,french,impressionism,late-romantic,romantic,song-cycle,piano
7086632	5110892	1	art-song,classical,french,impressionism,late-romantic,romantic,song-cycle,piano
5060910	5060912	2	art-song,classical,french,impressionism,late-romantic,romantic,song-cycle,piano
5060918	5060912	2	art-song,classical,french,impressionism,late-romantic,love,romantic,song-cycle,piano
5060924	5060912	2	art-song,classical,french,impressionism,late-romantic,romantic,song-cycle,piano
5060932	5060912	3	art-song,classical,french,impressionism,late-romantic,romantic,song-cycle,piano
5060938	5060912	2	art-song,classical,french,impressionism,late-romantic,romantic,song-cycle,piano
5060943	5060912	3	art-song,classical,french,impressionism,late-romantic,romantic,song-cycle,piano
5060949	5060952	3	art-song,classical,french,impressionism,late-romantic,romantic,song-cycle,piano
5060961	5060952	3	art-song,classical,french,impressionism,late-romantic,night,romantic,song-cycle,piano
5060972	5060952	3	art-song,classical,french,impressionism,late-romantic,romantic,song-cycle,piano
5060975	5060952	3	art-song,classical,french,impressionism,late-romantic,romantic,song-cycle,piano
5060980	5060952	2	art-song,classical,french,impressionism,late-romantic,mourning,romantic,song-cycle,piano
5079442	5079444	3	art-song,classical,french,impressionism,late-romantic,romantic,song-cycle,piano
5079450	5079444	2	art-song,classical,french,impressionism,late-romantic,romantic,song-cycle,piano
5079459	5079444	3	art-song,classical,french,impressionism,late-romantic,romantic,song-cycle,piano
6510449	5106276	1	art-song,british,classical,late-romantic,romantic,song-cycle,piano
6510502	5106276	2	art-song,british,classical,late-romantic,romantic,song-cycle,piano
6230256	5103561	2	art-song,british,classical,late-romantic,romantic,song-cycle,piano
6230258	5103561	1	art-song,british,classical,late-romantic,romantic,song-cycle,piano
6230260	5103561	2	art-song,british,classical,late-romantic,romantic,seasons,song-cycle,piano
6230261	5103561	2	art-song,british,classical,late-romantic,romantic,song-cycle,piano
6601006	5107056	1	art-song,british,classical,female-composer,romantic,piano
6601058	5107056	2	art-song,british,classical,female-composer,romantic,piano
6600532	5107056	3	art-song,british,classical,female-composer,romantic,sea-and-water,piano
6600932	5107056	3	art-song,british,classical,female-composer,romantic,piano
6592539	5106919	1	art-song,classical,classical-period,female-composer,french,piano
6592662	5106919	2	art-song,classical,classical-period,female-composer,french,piano
6593095	5106919	1	art-song,classical,classical-period,female-composer,french,sacred,piano
6594151	5106919	1	art-song,classical,classical-period,female-composer,french,piano
6546527	5103579	1	art-song,british,classical,late-romantic,romantic,piano
6233544	5103578	2	art-song,british,classical,late-romantic,romantic,song-cycle,piano
6233545	5103578	2	art-song,british,classical,late-romantic,romantic,sea-and-water,song-cycle,piano
6236149	5103577	2	art-song,british,classical,late-romantic,nature,romantic,song-cycle,piano
6236150	5103577	1	art-song,british,classical,late-romantic,romantic,song-cycle,piano
6236151	5103577	2	art-song,british,classical,late-romantic,romantic,seasons,song-cycle,piano
6236152	5103577	2	art-song,british,classical,late-romantic,romantic,song-cycle,piano
6236153	5103577	3	art-song,british,classical,late-romantic,romantic,song-cycle,piano
6236154	5103577	3	art-song,british,classical,late-romantic,romantic,song-cycle,piano
6236155	5103577	3	art-song,british,classical,late-romantic,romantic,song-cycle,piano
6569865	5106729	2	art-song,classical,female-composer,german,late-romantic,romantic,song-cycle,piano
6569855	5106729	2	art-song,classical,female-composer,german,late-romantic,romantic,song-cycle,piano
6575317	5106755	2	art-song,classical,female-composer,german,late-romantic,romantic,song-cycle,piano
6575466	5106755	3	art-song,classical,female-composer,german,late-romantic,romantic,song-cycle,piano
6164267	5103310	2	art-song,classical,female-composer,german,late-romantic,romantic,song-cycle,piano
6164292	5103310	1	art-song,classical,female-composer,german,late-romantic,romantic,song-cycle,piano
6258870	5104223	1	art-song,classical,female-composer,german,late-romantic,romantic,song-cycle,piano
6258930	5104223	2	art-song,classical,female-composer,german,late-romantic,romantic,song-cycle,piano
6259106	5104223	2	art-song,classical,female-composer,german,late-romantic,romantic,song-cycle,piano
6259403	5104223	2	art-song,classical,female-composer,german,late-romantic,romantic,song-cycle,piano
6260377	5104227	2	art-song,classical,female-composer,german,late-romantic,lullaby,romantic,song-cycle,piano
6260378	5104227	1	art-song,classical,female-composer,german,late-romantic,romantic,song-cycle,piano
6260379	5104227	2	art-song,classical,female-composer,german,late-romantic,romantic,song-cycle,piano
6570092	5106730	2	art-song,classical,female-composer,german,late-romantic,love,romantic,song-cycle,piano
6570192	5106730	2	art-song,classical,female-composer,german,late-romantic,night,romantic,song-cycle,piano
6570255	5106730	3	art-song,classical,female-composer,german,late-romantic,romantic,song-cycle,piano
6570310	5106730	3	art-song,classical,female-composer,german,late-romantic,love,romantic,song-cycle,piano
6260167	5104225	3	art-song,classical,female-composer,german,late-romantic,romantic,song-cycle,piano
6260168	5104225	2	art-song,classical,female-composer,german,late-romantic,romantic,song-cycle,piano
6179246	5103264	2	art-song,classical,female-composer,german,late-romantic,romantic,song-cycle,piano
6179275	5103264	2	art-song,classical,female-composer,german,late-romantic,romantic,song-cycle,piano
6179292	5103264	1	art-song,classical,female-composer,german,late-romantic,romantic,song-cycle,piano
6179305	5103264	1	art-song,classical,female-composer,german,late-romantic,romantic,song-cycle,piano
6179338	5103264	2	art-song,classical,female-composer,german,late-romantic,romantic,song-cycle,piano
6259566	5104226	3	art-song,classical,female-composer,german,late-romantic,romantic,song-cycle,piano
6259568	5104226	3	art-song,classical,female-composer,german,late-romantic,romantic,song-cycle,piano
6259569	5104226	2	art-song,classical,female-composer,german,late-romantic,romantic,song-cycle,piano
6595529	5106920	2	art-song,bohemian,classical,early-modern,female-composer,song-cycle,piano
6598190	5106920	3	art-song,bohemian,classical,early-modern,female-composer,song-cycle,piano
6598231	5106920	3	art-song,bohemian,classical,early-modern,female-composer,song-cycle,piano
6598318	5106920	2	art-song,bohemian,classical,early-modern,female-composer,song-cycle,piano
6598368	5106921	1	art-song,classical,female-composer,french,romantic,piano
6810863	5108674	2	art-song,classical,dreams,french,romantic,song-cycle,piano
6772652	5108674	2	art-song,classical,french,romantic,song-cycle,piano
6772888	5108674	2	art-song,classical,french,romantic,song-cycle,piano
6135958	5102376	3	art-song,classical,french,romantic,song-cycle,piano
6137985	5102376	1	art-song,classical,french,romantic,song-cycle,piano
6141092	5102376	2	art-song,classical,french,romantic,song-cycle,piano
6138105	5102376	2	art-song,classical,french,nature,romantic,song-cycle,piano
5598547	5099424	3	art-song,classical,french,romantic,song-cycle,piano
5626070	5099424	3	art-song,classical,french,romantic,song-cycle,piano
5627879	5099424	2	art-song,classical,french,romantic,song-cycle,piano
5612951	5099424	1	art-song,classical,french,romantic,song-cycle,piano
5605080	5099424	3	art-song,classical,french,romantic,song-cycle,piano
6567603	5079368	2	art-song,classical,female-composer,french,late-romantic,romantic,piano
6568021	5079368	3	art-song,classical,female-composer,french,late-romantic,romantic,piano
5660573	5099780	2	art-song,classical,german,romantic,song-cycle,piano
5660578	5099780	2	art-song,classical,german,romantic,song-cycle,piano
5660581	5099780	3	art-song,classical,german,romantic,song-cycle,piano
5798936	5099780	3	art-song,classical,german,romantic,song-cycle,piano
5660558	5099780	3	art-song,classical,german,romantic,song-cycle,piano
5667967	5099780	2	art-song,classical,german,romantic,song-cycle,piano
5799023	5099780	1	art-song,classical,german,romantic,song-cycle,piano
5800427	5099780	1	art-song,classical,german,romantic,song-cycle,piano
5800627	5099780	2	art-song,classical,german,romantic,song-cycle,piano
5801742	5099780	3	art-song,classical,german,romantic,song-cycle,piano
5801791	5099780	1	art-song,classical,german,romantic,song-cycle,piano
5801830	5099780	2	art-song,classical,german,nature,romantic,song-cycle,piano
6806626	5109140	2	art-song,classical,german,romantic,song-cycle,piano
6808938	5109140	2	art-song,classical,german,romantic,song-cycle,piano
6826058	5109140	2	art-song,classical,german,romantic,song-cycle,piano
6826157	5109140	2	art-song,classical,german,romantic,song-cycle,piano
6827644	5109140	2	art-song,classical,german,romantic,song-cycle,piano
6829065	5109140	2	art-song,classical,german,romantic,song-cycle,piano
5117906	5032888	1	art-song,classical,german,romantic,song-cycle,piano
5117956	5032888	2	art-song,classical,german,romantic,song-cycle,piano
5118339	5032888	3	art-song,classical,german,romantic,song-cycle,piano
5118411	5032888	2	art-song,classical,folk,german,romantic,song-cycle,piano
4976682	5032888	2	art-song,classical,german,romantic,song-cycle,piano
5118522	5032888	3	art-song,classical,german,romantic,song-cycle,piano
4928153	5032875	1	art-song,classical,german,romantic,song-cycle,piano
6800412	5032875	1	art-song,classical,german,romantic,seasons,song-cycle,piano
6800506	5032875	2	art-song,classical,german,romantic,song-cycle,piano
6801340	5032875	2	art-song,classical,german,romantic,song-cycle,piano
6801402	5032875	2	art-song,classical,german,romantic,song-cycle,piano
6801790	5032875	3	art-song,classical,german,night,romantic,song-cycle,piano
6804721	5032887	2	art-song,classical,german,romantic,song-cycle,piano
4976646	5032887	2	art-song,classical,german,romantic,song-cycle,piano
6804766	5032887	2	art-song,classical,german,romantic,song-cycle,piano
6805149	5032887	2	art-song,classical,german,romantic,song-cycle,piano
6806109	5032887	2	art-song,classical,german,romantic,song-cycle,piano
6806187	5032887	2	art-song,classical,german,romantic,song-cycle,piano
5644083	5032885	2	art-song,classical,german,romantic,song-cycle,piano
5644080	5032885	2	art-song,classical,german,romantic,song-cycle,piano
5644074	5032885	2	art-song,classical,german,romantic,song-cycle,piano
4976604	5032885	1	art-song,classical,german,love,romantic,song-cycle,piano
5644072	5032885	2	art-song,classical,german,romantic,song-cycle,piano
5828468	5032885	2	art-song,classical,german,romantic,song-cycle,piano
6810938	5109143	3	art-song,classical,german,romantic,song-cycle,piano
6811470	5109143	1	art-song,classical,german,romantic,song-cycle,piano
6812631	5109143	3	art-song,classical,dreams,german,romantic,song-cycle,piano
6812991	5109143	3	art-song,classical,german,love,romantic,song-cycle,piano
6813842	5109143	2	art-song,classical,german,romantic,song-cycle,piano
6816059	5109143	2	art-song,classical,german,romantic,song-cycle,piano
6598624	5106922	2	american,art-song,classical,female-composer,late-romantic,romantic,sea-and-water,song-cycle,piano
6598677	5106922	2	american,art-song,classical,female-composer,late-romantic,romantic,song-cycle,piano
6601231	5107057	2	art-song,british,classical,female-composer,romantic,piano
6603244	5107057	2	art-song,british,classical,female-composer,romantic,piano
6602016	5107057	2	art-song,british,classical,female-composer,romantic,sacred,piano
6604146	5107057	1	art-song,british,classical,female-composer,romantic,piano
6604249	5107059	1	art-song,classical,classical-period,female-composer,french,piano
6604179	5107059	2	art-song,classical,classical-period,female-composer,french,piano
6604420	5107058	1	art-song,british,classical,classical-period,female-composer,piano
6243836	5103585	1	art-song,british,classical,late-romantic,romantic,seasons,song-cycle,piano
6243838	5103585	1	art-song,british,classical,late-romantic,romantic,seasons,song-cycle,piano
6243839	5103585	2	art-song,british,classical,late-romantic,romantic,seasons,song-cycle,piano
6608395	5107147	2	art-song,brazilian,classical,female-composer,romantic,piano
6609884	5107147	1	art-song,brazilian,classical,female-composer,romantic,piano
6609555	5107147	2	art-song,brazilian,classical,female-composer,romantic,piano
6609847	5107147	2	art-song,brazilian,classical,female-composer,romantic,piano
6610193	5107147	2	art-song,brazilian,classical,female-composer,romantic,piano
6610246	5107147	2	art-song,brazilian,classical,female-composer,romantic,piano
6611337	5107147	3	art-song,brazilian,classical,female-composer,romantic,piano
6611543	5107147	2	art-song,brazilian,classical,female-composer,romantic,piano
6611657	5107147	1	art-song,brazilian,classical,female-composer,romantic,piano
6611741	5107147	1	art-song,brazilian,classical,female-composer,romantic,piano
6611820	5107147	2	art-song,brazilian,classical,female-composer,romantic,piano
6611874	5107147	2	art-song,brazilian,classical,female-composer,romantic,piano
5079368	5079369	2	art-song,classical,french,romantic,song-cycle,piano
5079373	5079369	2	art-song,classical,french,romantic,song-cycle,piano
5079378	5079369	2	art-song,classical,french,romantic,song-cycle,piano
5079391	5079369	2	art-song,classical,french,romantic,seasons,song-cycle,piano
5163799	5079369	1	art-song,classical,french,romantic,song-cycle,piano
5079394	5079369	1	art-song,classical,french,romantic,song-cycle,piano
6625925	5104018	1	art-song,classical,female-composer,french,romantic,piano
6624112	5104018	1	art-song,classical,female-composer,french,romantic,piano
6625953	5104018	2	art-song,classical,female-composer,french,romantic,piano
6239101	5104018	3	art-song,classical,female-composer,french,romantic,piano
6626192	5104018	2	art-song,classical,female-composer,french,romantic,piano
6626922	5104018	1	art-song,classical,female-composer,french,romantic,piano
6626468	5104018	2	art-song,classical,female-composer,french,romantic,piano
6613355	5107148	2	art-song,classical,female-composer,french,romantic,song-cycle,piano
6613436	5107148	1	art-song,classical,female-composer,french,romantic,song-cycle,piano
6613481	5107148	1	art-song,classical,female-composer,french,romantic,song-cycle,piano
6614717	5107148	1	art-song,classical,female-composer,french,romantic,song-cycle,piano
6614760	5107148	1	art-song,classical,female-composer,french,romantic,song-cycle,piano
6615501	5107148	2	art-song,classical,female-composer,french,romantic,song-cycle,piano
6617407	5107149	2	art-song,classical,female-composer,piano
6617779	5107149	1	art-song,classical,female-composer,love,piano
6620571	5107149	1	art-song,classical,dreams,female-composer,piano
6620454	5107149	1	art-song,classical,female-composer,piano
6620590	5107149	2	art-song,classical,female-composer,piano
6620711	5107149	1	art-song,classical,female-composer,piano
6620845	5107149	1	art-song,classical,female-composer,piano
6176486	5103397	2	art-song,classical,female-composer,german,late-romantic,romantic,piano
6173951	5103381	1	art-song,classical,female-composer,german,late-romantic,romantic,song-cycle,piano
6174024	5103381	1	art-song,classical,female-composer,german,late-romantic,romantic,song-cycle,piano
6174661	5103381	1	art-song,classical,female-composer,german,late-romantic,romantic,song-cycle,piano
6171447	5103369	2	art-song,classical,female-composer,german,late-romantic,night,romantic,song-cycle,piano
6171433	5103369	1	art-song,classical,female-composer,german,late-romantic,romantic,song-cycle,piano
6267934	5104240	2	art-song,classical,female-composer,german,late-romantic,romantic,song-cycle,piano
6267935	5104240	1	art-song,classical,female-composer,german,late-romantic,romantic,song-cycle,piano
6267936	5104240	1	art-song,classical,female-composer,german,late-romantic,romantic,song-cycle,piano
6622431	5107150	1	art-song,british,classical,classical-period,female-composer,piano
6621051	5107150	2	art-song,british,classical,classical-period,female-composer,piano
6466145	5103526	2	art-song,british,classical,early-modern,piano
6170065	5102696	2	art-song,british,classical,early-modern,song-cycle,piano
6154108	5102696	1	art-song,british,classical,early-modern,song-cycle,piano
6157283	5102696	2	art-song,british,classical,early-modern,nature,song-cycle,piano
6160387	5102696	3	art-song,british,classical,early-modern,song-cycle,piano
6164234	5102696	2	art-song,british,classical,early-modern,seasons,song-cycle,piano
6627929	5107151	2	art-song,british,classical,female-composer,french,late-romantic,love,romantic,piano
6627964	5107151	2	art-song,british,classical,female-composer,french,late-romantic,romantic,piano
6629763	5107151	2	art-song,british,classical,female-composer,french,late-romantic,love,romantic,piano
6629643	5107151	2	art-song,british,classical,female-composer,french,late-romantic,romantic,piano
6629724	5107151	2	art-song,british,classical,female-composer,french,late-romantic,nature,romantic,piano
6629787	5107151	2	art-song,british,classical,female-composer,french,late-romantic,romantic,piano
6628030	5107151	2	art-song,british,classical,female-composer,french,late-romantic,romantic,piano
6629619	5107151	2	art-song,british,classical,female-composer,french,late-romantic,romantic,piano
6629808	5107151	2	art-song,british,classical,female-composer,french,late-romantic,romantic,piano
6454673	5105779	2	art-song,austrian,classical,classical-period,song-cycle,piano
6454809	5105779	2	art-song,austrian,classical,classical-period,song-cycle,piano
6454913	5105779	2	art-song,austrian,classical,classical-period,song-cycle,piano
6456450	5105779	2	art-song,austrian,classical,classical-period,song-cycle,piano
6456501	5105779	3	art-song,austrian,classical,classical-period,song-cycle,piano
6465778	5105779	3	art-song,austrian,classical,classical-period,song-cycle,piano
6472842	5105779	2	art-song,austrian,classical,classical-period,song-cycle,piano
6474359	5105779	3	art-song,austrian,classical,classical-period,song-cycle,piano
6474469	5105779	2	art-song,austrian,classical,classical-period,love,song-cycle,piano
6474604	5105779	2	art-song,austrian,classical,classical-period,song-cycle,piano
6012947	5102031	1	art-song,classical,female-composer,german,romantic,song-cycle,piano
6013106	5102031	1	art-song,classical,female-composer,german,romantic,song-cycle,piano
6013171	5102031	2	art-song,classical,female-composer,german,romantic,song-cycle,piano
6022316	5102129	3	art-song,classical,female-composer,german,romantic,song-cycle,piano
6022185	5102129	1	art-song,classical,female-composer,german,romantic,song-cycle,piano
6022146	5102129	1	art-song,classical,female-composer,german,romantic,song-cycle,piano
5000467	5016673	2	art-song,classical,female-composer,german,romantic,song-cycle,piano
5000464	5016673	2	art-song,classical,female-composer,german,romantic,song-cycle,piano
4919798	5016673	2	art-song,classical,female-composer,german,romantic,song-cycle,piano
5000459	5016673	2	art-song,classical,female-composer,german,romantic,song-cycle,piano
5000446	5016673	1	art-song,classical,female-composer,german,romantic,song-cycle,piano
5100543	5004627	2	art-song,classical,female-composer,german,romantic,song-cycle,piano
5004632	5004627	3	art-song,classical,female-composer,german,romantic,song-cycle,piano
5004640	5004627	2	art-song,classical,female-composer,german,romantic,song-cycle,piano
5101299	5004627	3	art-song,classical,female-composer,german,romantic,song-cycle,piano
5004650	5004627	3	art-song,classical,female-composer,german,romantic,song-cycle,piano
5101361	5004627	2	art-song,classical,female-composer,german,romantic,song-cycle,piano
5987757	5101840	2	art-song,classical,female-composer,german,romantic,song-cycle,piano
5987806	5101840	1	art-song,classical,female-composer,german,romantic,song-cycle,piano
5987851	5101840	3	art-song,classical,female-composer,german,romantic,seasons,song-cycle,piano
5987937	5101840	2	art-song,classical,female-composer,german,romantic,song-cycle,piano
5987963	5101840	1	art-song,classical,female-composer,german,romantic,song-cycle,piano
5987993	5101840	2	art-song,classical,female-composer,german,romantic,song-cycle,piano
4986023	5016683	1	art-song,classical,female-composer,german,romantic,song-cycle,piano
5103883	5016683	1	art-song,classical,female-composer,german,romantic,song-cycle,piano
5108166	5016683	2	art-song,classical,female-composer,german,romantic,song-cycle,piano
4986026	5016683	1	art-song,classical,female-composer,german,romantic,song-cycle,piano
5103913	5016683	2	art-song,classical,female-composer,german,romantic,song-cycle,piano
4986030	5016683	1	art-song,classical,female-composer,german,romantic,song-cycle,piano
6022950	5102133	1	art-song,classical,female-composer,german,romantic,song-cycle,piano
6023075	5102133	1	art-song,classical,female-composer,german,romantic,song-cycle,piano
6024601	5102133	1	art-song,classical,female-composer,german,romantic,song-cycle,piano
6034442	5102133	1	art-song,classical,female-composer,german,romantic,song-cycle,piano
6034473	5102133	1	art-song,classical,female-composer,german,nature,romantic,song-cycle,piano
6034767	5102133	1	art-song,classical,female-composer,german,nature,romantic,song-cycle,piano
6631610	5107152	1	american,art-song,british,classical,dreams,female-composer,romantic,piano
5930707	5101391	1	art-song,classical,female-composer,french,romantic,piano
5946761	5101391	2	art-song,classical,female-composer,french,romantic,piano
6190351	5101391	3	art-song,classical,female-composer,french,romantic,piano
6189719	5101391	2	art-song,classical,female-composer,french,nature,romantic,piano
5935864	5101391	3	art-song,classical,female-composer,french,romantic,piano
6169445	5101391	2	art-song,classical,female-composer,french,romantic,piano
6174723	5101391	3	art-song,classical,female-composer,french,romantic,piano
5001716	5001717	2	art-song,classical,female-composer,french,romantic,song-cycle,piano
5837552	5001717	2	art-song,classical,female-composer,french,romantic,song-cycle,piano
5911190	5001717	3	art-song,classical,female-composer,french,love,romantic,sea-and-water,song-cycle,piano
5855050	5001717	2	art-song,classical,female-composer,french,romantic,song-cycle,piano
5001721	5001717	2	art-song,birds,classical,female-composer,french,romantic,song-cycle,piano
5862368	5001717	1	art-song,classical,female-composer,french,romantic,song-cycle,piano
5719467	5001717	2	art-song,classical,female-composer,french,romantic,song-cycle,piano
5818033	5001717	2	art-song,classical,female-composer,french,romantic,song-cycle,piano
5866060	5001717	2	art-song,classical,female-composer,french,romantic,song-cycle,piano
5873379	5001717	3	art-song,classical,female-composer,french,romantic,song-cycle,piano
5988117	5001717	3	art-song,classical,female-composer,french,romantic,song-cycle,piano
5987893	5001717	2	art-song,classical,female-composer,french,love,romantic,song-cycle,piano
5986599	5001717	1	art-song,classical,female-composer,french,romantic,song-cycle,piano
5986563	5001717	1	art-song,classical,female-composer,french,romantic,song-cycle,piano
5986508	5001717	2	art-song,classical,female-composer,french,romantic,song-cycle,piano
5986322	5001717	2	art-song,classical,female-composer,french,romantic,song-cycle,piano
5986085	5001717	2	art-song,classical,female-composer,french,romantic,song-cycle,piano
5991526	5001717	3	art-song,classical,female-composer,french,romantic,song-cycle,piano
5991686	5001717	2	art-song,classical,female-composer,french,romantic,song-cycle,piano
6147489	5001717	2	art-song,classical,female-composer,french,romantic,song-cycle,piano
5903060	5101200	2	art-song,classical,female-composer,french,romantic,song-cycle,piano
5904752	5101200	3	art-song,classical,female-composer,french,romantic,song-cycle,piano
5904897	5101200	2	art-song,classical,female-composer,french,romantic,song-cycle,piano
5925129	5101200	1	art-song,classical,female-composer,french,romantic,song-cycle,piano
5905678	5101200	2	art-song,classical,female-composer,french,love,romantic,song-cycle,piano
5905808	5101200	2	art-song,classical,female-composer,french,romantic,song-cycle,piano
5712131	5001676	3	art-song,classical,female-composer,french,nature,romantic,song-cycle,piano
5712146	5001676	2	art-song,classical,female-composer,french,romantic,song-cycle,piano
5712149	5001676	2	art-song,classical,female-composer,french,romantic,song-cycle,piano
5001674	5001676	2	art-song,classical,female-composer,french,romantic,song-cycle,piano
5646201	5001651	2	art-song,classical,female-composer,french,love,romantic,song-cycle,piano
5647683	5001651	3	art-song,classical,female-composer,french,romantic,song-cycle,piano
5674506	5001651	3	art-song,classical,female-composer,french,romantic,song-cycle,piano
5001648	5001651	2	art-song,classical,female-composer,french,romantic,song-cycle,piano
5696993	5001651	2	art-song,classical,dreams,female-composer,french,romantic,song-cycle,piano
5661740	5001651	2	art-song,classical,female-composer,french,romantic,song-cycle,piano
5879039	5001651	3	art-song,classical,female-composer,french,romantic,song-cycle,piano
5001684	5001685	2	art-song,classical,female-composer,french,romantic,serenade,song-cycle,piano
5669853	5001685	2	art-song,classical,female-composer,french,romantic,seasons,serenade,song-cycle,piano
5669857	5001685	1	art-song,classical,female-composer,french,romantic,seasons,serenade,song-cycle,piano
5669861	5001685	3	art-song,classical,female-composer,french,romantic,serenade,song-cycle,piano
5669865	5001685	3	art-song,classical,female-composer,french,romantic,serenade,song-cycle,piano
5001730	5001731	1	art-song,classical,female-composer,french,romantic,song-cycle,piano
5989917	5001731	2	art-song,classical,female-composer,french,romantic,song-cycle,piano
5991189	5001731	2	art-song,classical,female-composer,french,romantic,song-cycle,piano
5989993	5001731	2	art-song,classical,female-composer,french,romantic,song-cycle,piano
5991174	5001731	3	art-song,classical,female-composer,french,romantic,song-cycle,piano
5998497	5001731	3	art-song,classical,female-composer,french,romantic,song-cycle,piano
6000428	5001731	3	art-song,classical,female-composer,french,romantic,song-cycle,piano
6001349	5001731	3	art-song,classical,female-composer,french,romantic,song-cycle,piano
6001354	5001731	3	art-song,classical,female-composer,french,romantic,song-cycle,piano
6002184	5001731	3	art-song,classical,female-composer,french,lullaby,romantic,song-cycle,piano
6002429	5001731	3	art-song,classical,female-composer,french,romantic,song-cycle,piano
6005658	5001731	2	art-song,classical,female-composer,french,romantic,song-cycle,piano
6007571	5001731	2	art-song,classical,female-composer,french,romantic,song-cycle,piano
6007917	5001731	1	art-song,classical,female-composer,french,romantic,song-cycle,piano
6010628	5001731	2	art-song,classical,female-composer,french,romantic,song-cycle,piano
6010916	5001731	2	art-song,classical,female-composer,french,romantic,song-cycle,piano
6011018	5001731	2	art-song,classical,female-composer,french,romantic,song-cycle,piano
6011095	5001731	2	art-song,classical,female-composer,french,romantic,song-cycle,piano
6017382	5001731	3	art-song,classical,dreams,female-composer,french,romantic,song-cycle,piano
6018965	5001731	2	art-song,classical,female-composer,french,romantic,song-cycle,piano
5995356	5101904	2	art-song,classical,female-composer,french,love,romantic,song-cycle,piano
5995407	5101904	2	art-song,classical,female-composer,french,love,romantic,song-cycle,piano
5995492	5101904	1	art-song,classical,female-composer,french,love,romantic,song-cycle,piano
5995173	5101904	2	art-song,classical,female-composer,french,love,romantic,song-cycle,piano
6632270	5107153	1	american,art-song,british,classical,female-composer,late-romantic,romantic,piano
6635580	5107154	1	art-song,british,classical,female-composer,late-romantic,lullaby,romantic,piano
6636096	5107154	1	art-song,birds,british,classical,female-composer,late-romantic,nature,romantic,piano
6637145	5107154	2	art-song,british,classical,female-composer,late-romantic,romantic,piano
6636042	5107154	2	art-song,british,classical,female-composer,late-romantic,romantic,piano
6586916	5106886	1	american,art-song,classical,female-composer,late-romantic,romantic,piano
6586743	5106886	2	american,art-song,classical,female-composer,late-romantic,romantic,piano
6586980	5106885	1	american,art-song,classical,female-composer,late-romantic,nature,romantic,song-cycle,piano
6587062	5106885	1	american,art-song,classical,female-composer,late-romantic,nature,romantic,song-cycle,piano
6588520	5106885	1	american,art-song,classical,female-composer,late-romantic,nature,romantic,song-cycle,piano
5834392	5100858	2	art-song,classical,female-composer,french,romantic,song-cycle,piano
5837811	5100858	3	art-song,classical,female-composer,french,love,romantic,song-cycle,piano
5840072	5100858	3	art-song,classical,female-composer,french,romantic,song-cycle,piano
5840228	5100858	2	art-song,classical,female-composer,french,romantic,song-cycle,piano
6153748	5103215	2	art-song,classical,female-composer,french,romantic,song-cycle,piano
6156388	5103215	3	art-song,classical,female-composer,french,romantic,song-cycle,piano
6155444	5103215	3	art-song,classical,female-composer,french,romantic,song-cycle,piano
6156587	5103215	3	art-song,classical,female-composer,french,romantic,song-cycle,piano
6157272	5103215	3	art-song,classical,female-composer,french,romantic,song-cycle,piano
6157363	5103215	3	art-song,classical,female-composer,french,romantic,song-cycle,piano
6214351	5101248	3	art-song,classical,female-composer,french,romantic,song-cycle,piano
6214587	5101248	2	art-song,classical,female-composer,french,romantic,song-cycle,piano
6217099	5101248	2	art-song,classical,female-composer,french,night,romantic,song-cycle,piano
6217375	5101248	1	art-song,classical,female-composer,french,romantic,song-cycle,piano
6217488	5101248	2	art-song,classical,female-composer,french,romantic,song-cycle,piano
5906774	5101248	2	art-song,classical,female-composer,french,romantic,song-cycle,piano
6218315	5101248	2	art-song,classical,female-composer,french,romantic,song-cycle,piano
6304288	5103449	1	american,art-song,classical,late-romantic,ragtime,romantic,piano
6128281	5103000	2	art-song,birds,classical,female-composer,german,romantic,song-cycle,piano
6126574	5103000	3	art-song,classical,female-composer,german,romantic,song-cycle,piano
6125479	5103000	3	art-song,classical,female-composer,german,romantic,song-cycle,piano
6130647	5103034	2	art-song,classical,female-composer,german,romantic,song-cycle,piano
6130751	5103034	1	art-song,classical,female-composer,german,romantic,song-cycle,piano
6130821	5103034	3	art-song,classical,female-composer,german,romantic,song-cycle,piano
6137812	5103034	2	art-song,classical,female-composer,german,romantic,song-cycle,piano
6141648	5103034	2	art-song,classical,female-composer,german,romantic,song-cycle,piano
6141796	5103034	3	art-song,classical,female-composer,german,romantic,song-cycle,piano
6177220	5103398	1	art-song,classical,female-composer,german,romantic,song-cycle,piano
6177233	5103398	3	art-song,classical,female-composer,german,love,romantic,song-cycle,piano
6177271	5103398	2	art-song,classical,female-composer,german,romantic,song-cycle,piano
6177442	5103398	3	art-song,classical,female-composer,german,lullaby,romantic,song-cycle,piano
6178990	5103398	1	art-song,classical,female-composer,german,romantic,song-cycle,piano
6179021	5103398	2	art-song,classical,female-composer,german,romantic,song-cycle,piano
6247269	5104084	3	art-song,classical,female-composer,german,night,romantic,song-cycle,piano
6247458	5104084	1	art-song,classical,female-composer,german,romantic,song-cycle,piano
6247576	5104084	3	art-song,classical,female-composer,german,lullaby,romantic,song-cycle,piano
6247913	5104084	2	art-song,classical,female-composer,german,romantic,song-cycle,piano
6249298	5104084	2	art-song,classical,female-composer,german,romantic,song-cycle,piano
6249340	5104084	1	art-song,classical,female-composer,german,romantic,song-cycle,piano,war-and-patriotic
6571858	5106651	2	art-song,classical,female-composer,german,romantic,song-cycle,piano
6571960	5106651	2	art-song,classical,female-composer,german,romantic,song-cycle,piano
6572043	5106651	2	art-song,classical,female-composer,german,mourning,romantic,song-cycle,piano
6572423	5106651	1	art-song,classical,female-composer,german,romantic,song-cycle,piano
6573240	5106651	3	art-song,classical,female-composer,german,romantic,song-cycle,piano
6573275	5106651	1	art-song,classical,female-composer,german,romantic,song-cycle,piano
5988112	5101845	3	art-song,classical,female-composer,german,romantic,song-cycle,piano
5988341	5101845	2	art-song,classical,female-composer,german,romantic,song-cycle,piano
5988388	5101845	2	art-song,classical,female-composer,german,romantic,song-cycle,piano
5988442	5101845	1	art-song,classical,female-composer,german,romantic,song-cycle,piano
5988489	5101845	2	art-song,classical,female-composer,german,mourning,romantic,song-cycle,piano
5989459	5101845	3	art-song,classical,female-composer,german,romantic,song-cycle,piano
6248301	5103021	2	art-song,classical,female-composer,german,romantic,song-cycle,piano
6248302	5103021	2	art-song,classical,female-composer,german,romantic,sea-and-water,song-cycle,piano
6248307	5103021	2	art-song,classical,female-composer,german,romantic,song-cycle,piano
6248303	5103021	1	art-song,classical,female-composer,german,romantic,song-cycle,piano
6248304	5103021	1	art-song,classical,female-composer,german,romantic,song-cycle,piano
6248305	5103021	1	art-song,classical,female-composer,german,night,romantic,song-cycle,piano
6151215	5103022	1	art-song,classical,female-composer,german,romantic,song-cycle,piano
6150402	5103022	3	art-song,classical,female-composer,german,romantic,song-cycle,piano
6151337	5103022	3	art-song,classical,female-composer,german,romantic,song-cycle,piano
6151982	5103022	1	art-song,classical,female-composer,german,romantic,song-cycle,piano
6153376	5103022	2	art-song,classical,female-composer,german,night,romantic,song-cycle,piano
6153442	5103022	2	art-song,classical,female-composer,german,romantic,song-cycle,piano
6165152	5103316	1	art-song,austrian,classical,female-composer,late-romantic,romantic,song-cycle,piano
6165185	5103316	2	art-song,austrian,classical,female-composer,late-romantic,romantic,song-cycle,piano
6165226	5103316	2	art-song,austrian,classical,female-composer,late-romantic,romantic,song-cycle,piano
6166144	5103316	2	art-song,austrian,classical,female-composer,late-romantic,romantic,song-cycle,piano
6166096	5103316	2	art-song,austrian,classical,female-composer,late-romantic,romantic,song-cycle,piano
6166579	5103328	2	art-song,austrian,classical,female-composer,late-romantic,romantic,song-cycle,piano
6206972	5103328	1	art-song,austrian,classical,female-composer,late-romantic,romantic,song-cycle,piano
6207007	5103328	2	art-song,austrian,classical,female-composer,late-romantic,romantic,song-cycle,piano
6207018	5103328	1	art-song,austrian,classical,female-composer,late-romantic,romantic,song-cycle,piano
6207025	5103328	1	art-song,austrian,classical,female-composer,late-romantic,romantic,song-cycle,piano
6207045	5103328	1	art-song,austrian,classical,female-composer,late-romantic,romantic,song-cycle,piano
6207048	5103328	2	art-song,austrian,classical,female-composer,late-romantic,romantic,song-cycle,piano
6207054	5103328	1	art-song,austrian,birds,classical,female-composer,late-romantic,romantic,song-cycle,piano
6207073	5103328	2	art-song,austrian,classical,female-composer,late-romantic,romantic,song-cycle,piano
6207085	5103328	1	art-song,austrian,classical,female-composer,late-romantic,romantic,song-cycle,piano
6207095	5103328	1	art-song,austrian,classical,female-composer,late-romantic,romantic,song-cycle,piano
6207100	5103328	2	art-song,austrian,classical,female-composer,late-romantic,romantic,song-cycle,piano
6207104	5103328	2	art-song,austrian,classical,female-composer,late-romantic,romantic,song-cycle,piano
6093956	5102731	3	art-song,classical,female-composer,german,romantic,piano
6095279	5102731	3	art-song,classical,female-composer,german,romantic,travel,piano
6012375	5102030	3	art-song,classical,female-composer,german,romantic,song-cycle,piano
6012390	5102030	1	art-song,classical,female-composer,german,romantic,song-cycle,piano
6009685	5102015	2	art-song,classical,female-composer,german,romantic,song-cycle,piano
6009759	5102015	2	art-song,classical,female-composer,german,romantic,song-cycle,piano
6067231	5102015	3	art-song,classical,female-composer,german,romantic,song-cycle,piano,war-and-patriotic
6112984	5102907	2	art-song,birds,classical,female-composer,german,romantic,song-cycle,piano
6114679	5102907	3	art-song,classical,female-composer,german,romantic,sea-and-water,song-cycle,piano
6115317	5102907	3	art-song,classical,female-composer,german,romantic,song-cycle,piano
6088572	5102677	3	art-song,classical,female-composer,german,romantic,song-cycle,piano
6088768	5102677	1	art-song,classical,female-composer,german,romantic,song-cycle,piano
6089528	5102677	2	art-song,classical,female-composer,german,romantic,song-cycle,piano
6577199	5106652	2	art-song,classical,female-composer,german,romantic,song-cycle,piano
6577218	5106652	2	art-song,classical,female-composer,german,romantic,song-cycle,piano
6577241	5106652	1	art-song,classical,female-composer,german,romantic,song-cycle,piano
6577426	5106652	2	art-song,classical,female-composer,german,mourning,romantic,song-cycle,piano
6577688	5106652	1	art-song,classical,female-composer,german,romantic,song-cycle,piano
6577737	5106652	1	art-song,classical,female-composer,german,romantic,seasons,song-cycle,piano
6069162	5096906	2	art-song,classical,female-composer,german,romantic,song-cycle,piano
6110297	5096906	3	art-song,classical,female-composer,german,romantic,song-cycle,piano
6069462	5096906	1	art-song,classical,female-composer,german,romantic,song-cycle,piano
6071196	5096906	2	art-song,classical,female-composer,german,romantic,seasons,song-cycle,piano
5002160	5096906	3	art-song,classical,female-composer,german,romantic,song-cycle,piano
6073491	5096906	2	art-song,classical,female-composer,german,mourning,romantic,song-cycle,piano
6060661	5102396	3	art-song,classical,female-composer,german,romantic,song-cycle,piano
6060726	5102396	1	art-song,classical,female-composer,german,romantic,song-cycle,piano
6061301	5102396	1	art-song,classical,female-composer,german,romantic,sea-and-water,song-cycle,piano
6059127	5102396	1	art-song,classical,female-composer,german,romantic,song-cycle,piano
6062682	5102396	2	art-song,classical,female-composer,german,romantic,seasons,song-cycle,piano
6059385	5102396	2	art-song,classical,female-composer,german,romantic,song-cycle,piano
6067798	5102397	2	art-song,classical,female-composer,german,mourning,romantic,song-cycle,piano
6075217	5102397	2	art-song,classical,female-composer,german,romantic,song-cycle,travel,piano
6077132	5102397	1	art-song,classical,female-composer,german,romantic,song-cycle,piano
6068212	5102397	2	art-song,classical,female-composer,german,romantic,song-cycle,piano
6077196	5102397	1	art-song,classical,female-composer,german,romantic,song-cycle,piano
6077515	5102397	3	art-song,classical,female-composer,german,romantic,song-cycle,piano
5105407	5032870	1	art-song,classical,female-composer,german,romantic,song-cycle,piano
5105228	5032870	2	art-song,classical,female-composer,german,romantic,song-cycle,piano
5104275	5032870	3	art-song,classical,female-composer,german,romantic,song-cycle,piano
4920211	5032870	3	art-song,classical,female-composer,german,romantic,song-cycle,piano
5115660	5032870	3	art-song,classical,female-composer,german,romantic,song-cycle,piano
5105152	5032870	3	art-song,classical,female-composer,german,romantic,song-cycle,piano
6117412	5102943	1	art-song,classical,female-composer,german,lullaby,romantic,song-cycle,piano
6117552	5102943	2	art-song,classical,female-composer,german,night,romantic,song-cycle,piano
6117742	5102943	2	art-song,classical,female-composer,german,romantic,song-cycle,piano
6118156	5102943	1	art-song,classical,female-composer,german,romantic,song-cycle,piano
6118888	5102943	1	art-song,classical,female-composer,german,romantic,song-cycle,piano
6119892	5102943	2	art-song,classical,female-composer,german,romantic,song-cycle,piano
6070235	5102501	2	art-song,classical,female-composer,german,romantic,song-cycle,piano
6079502	5102501	1	art-song,classical,female-composer,german,romantic,song-cycle,piano
6085883	5102501	1	art-song,classical,female-composer,german,romantic,song-cycle,piano
5883528	5101077	2	art-song,classical,female-composer,german,late-romantic,romantic,song-cycle,piano
5883655	5101077	3	art-song,classical,female-composer,german,late-romantic,romantic,song-cycle,piano
6575645	5106653	1	art-song,classical,female-composer,german,late-romantic,night,romantic,song-cycle,piano
6575669	5106653	1	art-song,classical,female-composer,german,late-romantic,romantic,sacred,song-cycle,piano
6576011	5106653	2	art-song,classical,female-composer,german,late-romantic,romantic,song-cycle,piano
6577118	5106653	2	art-song,classical,female-composer,german,late-romantic,romantic,song-cycle,piano
6577137	5106653	1	art-song,classical,female-composer,german,late-romantic,lullaby,romantic,song-cycle,piano
6644591	5107534	2	art-song,british,classical,female-composer,nature,romantic,piano
6644635	5107534	2	art-song,british,classical,female-composer,romantic,piano
6644955	5107534	2	art-song,british,classical,female-composer,romantic,piano
6645039	5107534	1	art-song,british,classical,female-composer,love,romantic,piano
6645396	5107534	1	art-song,british,classical,female-composer,love,romantic,piano
6573515	5106657	2	art-song,british,classical,female-composer,late-romantic,lullaby,romantic,song-cycle,piano
6573701	5106657	2	art-song,british,classical,female-composer,late-romantic,romantic,song-cycle,piano
6209594	5103710	2	art-song,birds,british,classical,female-composer,late-romantic,love,romantic,song-cycle,piano
6209602	5103710	2	art-song,british,classical,female-composer,late-romantic,love,romantic,song-cycle,piano
6209605	5103710	2	art-song,british,classical,female-composer,late-romantic,love,romantic,song-cycle,piano
6209607	5103710	1	art-song,birds,british,classical,female-composer,late-romantic,love,romantic,song-cycle,piano
6209608	5103710	2	art-song,british,classical,female-composer,late-romantic,love,romantic,song-cycle,piano
6420897	5103535	2	art-song,birds,british,classical,female-composer,late-romantic,romantic,song-cycle,piano
6421627	5103535	2	art-song,birds,british,classical,female-composer,late-romantic,romantic,song-cycle,piano
6421659	5103535	3	art-song,birds,british,classical,female-composer,late-romantic,romantic,song-cycle,piano
6421815	5103535	2	art-song,birds,british,classical,female-composer,late-romantic,romantic,song-cycle,piano
6424314	5103535	2	art-song,birds,british,classical,female-composer,late-romantic,romantic,song-cycle,piano
6751462	5106654	2	art-song,british,classical,female-composer,late-romantic,nature,romantic,song-cycle,piano
6753337	5106654	1	art-song,british,classical,female-composer,late-romantic,romantic,song-cycle,piano
6753345	5106654	1	art-song,british,classical,female-composer,late-romantic,romantic,song-cycle,piano
6753349	5106654	2	art-song,british,classical,female-composer,late-romantic,romantic,song-cycle,piano
6753355	5106654	2	art-song,british,classical,female-composer,late-romantic,night,romantic,song-cycle,piano
6757520	5106656	2	art-song,british,classical,female-composer,late-romantic,love,romantic,seasons,song-cycle,piano
6758594	5106656	2	art-song,british,classical,female-composer,late-romantic,love,romantic,seasons,song-cycle,piano
6762513	5106656	2	art-song,british,classical,female-composer,late-romantic,love,romantic,seasons,song-cycle,piano
6762153	5106656	3	art-song,british,classical,female-composer,late-romantic,love,romantic,seasons,song-cycle,piano
6761038	5106656	2	art-song,british,classical,female-composer,late-romantic,love,romantic,seasons,song-cycle,piano
6760929	5106656	2	art-song,british,classical,female-composer,late-romantic,love,romantic,seasons,song-cycle,piano
6761202	5106656	2	art-song,british,classical,dreams,female-composer,late-romantic,love,romantic,seasons,song-cycle,piano
6765984	5106656	2	art-song,british,classical,female-composer,late-romantic,love,romantic,seasons,song-cycle,piano
6764425	5106656	1	art-song,british,classical,female-composer,late-romantic,love,romantic,seasons,song-cycle,piano
6764874	5106656	2	art-song,british,classical,female-composer,late-romantic,love,romantic,seasons,song-cycle,piano
6766045	5106656	2	art-song,british,classical,female-composer,late-romantic,love,romantic,seasons,song-cycle,piano
6766368	5106656	2	art-song,british,classical,female-composer,late-romantic,love,romantic,seasons,song-cycle,piano
6650166	5107537	2	art-song,classical,female-composer,hawaiian,romantic,piano
6609408	5107146	2	art-song,british,classical,female-composer,romantic,piano
6609481	5107146	1	art-song,british,classical,female-composer,love,night,romantic,piano
6499366	5105990	3	art-song,british,classical,romantic,piano
6505010	5105998	2	art-song,british,classical,nature,romantic,seasons,song-cycle,piano
6505088	5105998	2	art-song,british,classical,romantic,seasons,song-cycle,piano
6505652	5105998	2	art-song,british,classical,romantic,seasons,song-cycle,piano
6507219	5105998	2	art-song,british,classical,mourning,romantic,seasons,song-cycle,piano
6508497	5105998	1	art-song,british,classical,romantic,seasons,song-cycle,piano
6508651	5105998	2	art-song,british,classical,romantic,seasons,song-cycle,piano
6510065	5105998	2	art-song,british,classical,romantic,seasons,song-cycle,piano
5054519	5051725	1	art-song,austrian,classical,late-romantic,romantic,song-cycle,piano
5051724	5051725	1	art-song,austrian,classical,late-romantic,romantic,song-cycle,piano
5052787	5051725	1	art-song,austrian,classical,late-romantic,romantic,song-cycle,piano
5062118	5051725	1	art-song,austrian,classical,late-romantic,romantic,song-cycle,piano
5052823	5051725	2	art-song,austrian,classical,late-romantic,romantic,song-cycle,piano
5026266	5026280	2	art-song,austrian,classical,late-romantic,romantic,song-cycle,piano
5026309	5026280	2	art-song,austrian,classical,late-romantic,romantic,song-cycle,piano
5026306	5026280	2	art-song,austrian,classical,late-romantic,romantic,song-cycle,piano
5026316	5026280	2	art-song,austrian,classical,late-romantic,romantic,song-cycle,piano
6650249	5107542	2	art-song,british,classical,female-composer,romantic,piano
6650388	5107542	2	art-song,british,classical,female-composer,romantic,piano
6573780	5106658	3	art-song,classical,female-composer,german,romantic,piano
5823419	5100810	3	art-song,classical,female-composer,german,romantic,song-cycle,piano
5834245	5100810	2	art-song,classical,female-composer,german,romantic,song-cycle,piano
5840527	5100878	3	art-song,classical,female-composer,german,nature,romantic,song-cycle,piano
5840434	5100878	3	art-song,classical,female-composer,german,romantic,song-cycle,piano
5841419	5100878	3	art-song,classical,female-composer,german,romantic,song-cycle,piano
7074684	5110262	2	art-song,classical,german,romantic,song-cycle,piano
7076589	5110262	3	art-song,classical,german,romantic,song-cycle,piano
7163985	5110262	2	art-song,classical,german,romantic,song-cycle,piano
7374512	5110262	1	art-song,classical,german,romantic,song-cycle,piano
7374854	5110262	2	art-song,classical,folk,german,romantic,song-cycle,piano
7380386	5110262	1	art-song,classical,german,romantic,song-cycle,piano
6989284	5110240	2	art-song,classical,german,romantic,song-cycle,piano
6989204	5110240	1	art-song,classical,german,romantic,song-cycle,piano
6989465	5110240	2	art-song,classical,german,romantic,song-cycle,piano
6994338	5110240	2	art-song,classical,dreams,german,romantic,song-cycle,piano
6995255	5110240	2	art-song,classical,german,night,romantic,song-cycle,piano
6997609	5110240	2	art-song,classical,german,romantic,song-cycle,piano
6646808	5107543	2	art-song,british,classical,female-composer,love,romantic,song-cycle,piano
6648208	5107543	2	art-song,british,classical,female-composer,romantic,song-cycle,piano
6648595	5107543	1	art-song,british,classical,female-composer,mourning,romantic,song-cycle,piano
6648674	5107543	2	art-song,british,classical,female-composer,romantic,song-cycle,piano
6649005	5107543	2	art-song,british,classical,female-composer,romantic,seasons,song-cycle,piano
6646781	5107543	2	art-song,british,classical,female-composer,romantic,seasons,song-cycle,piano
6649053	5107543	2	art-song,british,classical,female-composer,romantic,seasons,song-cycle,piano
6652350	5107548	2	art-song,classical,female-composer,late-romantic,romantic,swedish,piano
6652787	5107548	2	art-song,classical,female-composer,late-romantic,romantic,swedish,piano
6654094	5107547	2	art-song,classical,female-composer,late-romantic,romantic,serenade,song-cycle,swedish,piano
6654137	5107547	2	art-song,classical,female-composer,late-romantic,romantic,song-cycle,swedish,piano
6654215	5107547	2	art-song,classical,female-composer,late-romantic,romantic,song-cycle,swedish,piano
6654252	5107547	2	art-song,classical,female-composer,late-romantic,romantic,song-cycle,swedish,piano
6654371	5107547	2	art-song,classical,female-composer,late-romantic,romantic,song-cycle,swedish,piano
6655823	5107547	3	art-song,classical,female-composer,late-romantic,romantic,song-cycle,swedish,piano
6655859	5107547	1	art-song,classical,female-composer,late-romantic,lullaby,romantic,song-cycle,swedish,piano
6656152	5107547	2	art-song,classical,female-composer,late-romantic,love,romantic,song-cycle,swedish,piano
6656431	5107547	2	art-song,classical,female-composer,late-romantic,romantic,song-cycle,swedish,piano
6656769	5107547	1	art-song,classical,female-composer,late-romantic,romantic,song-cycle,swedish,piano
6660019	5107692	1	art-song,classical,female-composer,romantic,song-cycle,swedish,piano
6660043	5107692	2	art-song,classical,female-composer,romantic,song-cycle,swedish,piano
6660097	5107692	1	art-song,classical,female-composer,romantic,song-cycle,swedish,piano
6661509	5107693	2	art-song,classical,female-composer,romantic,song-cycle,swedish,piano
6661586	5107693	1	art-song,classical,female-composer,romantic,song-cycle,swedish,piano
6661632	5107693	1	art-song,classical,dreams,female-composer,romantic,song-cycle,swedish,piano
6661685	5107693	3	art-song,classical,female-composer,romantic,song-cycle,swedish,piano
5842033	5100884	2	art-song,austrian,classical,classical-period,female-composer,song-cycle,piano
5842142	5100884	1	art-song,austrian,classical,classical-period,female-composer,song-cycle,piano
5900749	5100884	1	art-song,austrian,classical,classical-period,female-composer,song-cycle,piano
5907276	5100884	1	art-song,austrian,classical,classical-period,female-composer,song-cycle,piano,war-and-patriotic
5907870	5100884	2	art-song,austrian,classical,classical-period,female-composer,night,song-cycle,piano
5908953	5100884	3	art-song,austrian,classical,classical-period,female-composer,song-cycle,piano
5986273	5100884	3	art-song,austrian,classical,classical-period,female-composer,song-cycle,piano
5991353	5100884	3	art-song,austrian,classical,classical-period,female-composer,song-cycle,piano
5991473	5100884	3	art-song,austrian,classical,classical-period,female-composer,song-cycle,piano
5994814	5100884	2	art-song,austrian,classical,classical-period,female-composer,song-cycle,piano
5995576	5100884	1	art-song,austrian,classical,classical-period,female-composer,song-cycle,piano
5995663	5100884	1	art-song,austrian,classical,classical-period,female-composer,song-cycle,piano
6679725	5106617	2	art-song,british,classical,romantic,song-cycle,piano
6681689	5106617	2	art-song,british,classical,romantic,song-cycle,piano
6682890	5106617	2	art-song,british,classical,romantic,song-cycle,piano
6683117	5106617	2	art-song,british,classical,romantic,song-cycle,piano
6683352	5106617	2	art-song,british,classical,romantic,song-cycle,piano
6683493	5106617	2	art-song,british,classical,romantic,song-cycle,piano
6684909	5106617	2	art-song,british,classical,romantic,song-cycle,piano
6550942	5106617	2	art-song,british,classical,romantic,song-cycle,piano
6685238	5106617	2	art-song,british,classical,romantic,song-cycle,piano
6686265	5106617	2	art-song,british,classical,romantic,song-cycle,piano
6688176	5106617	2	art-song,british,classical,romantic,sea-and-water,song-cycle,piano
6688667	5106617	2	art-song,british,classical,romantic,song-cycle,piano
6690090	5106617	2	art-song,british,classical,romantic,song-cycle,piano
6205868	5103547	1	art-song,british,classical,romantic,sacred,piano
6210474	5103547	2	art-song,british,classical,romantic,piano
6434272	5103545	1	art-song,british,classical,romantic,song-cycle,piano
6434317	5103545	2	art-song,british,classical,romantic,song-cycle,piano
6425218	5105656	1	art-song,british,classical,love,romantic,song-cycle,piano
6425381	5105656	2	art-song,british,classical,night,romantic,song-cycle,piano
6425416	5105656	2	art-song,british,classical,romantic,song-cycle,piano
6425475	5105656	2	art-song,british,classical,romantic,song-cycle,piano
6606200	5107096	1	art-song,british,classical,female-composer,romantic,piano
6605890	5107080	1	art-song,british,classical,female-composer,romantic,piano
6606089	5107080	1	art-song,british,classical,female-composer,romantic,piano
6663305	5107694	2	art-song,british,classical,early-modern,female-composer,piano
6663350	5107694	2	art-song,british,classical,early-modern,female-composer,piano
6663427	5107694	3	art-song,british,classical,early-modern,female-composer,piano
6666995	5107695	1	art-song,classical,female-composer,french,mourning,romantic,piano
6667483	5107695	1	art-song,classical,female-composer,french,romantic,piano
6669339	5107695	1	art-song,classical,female-composer,french,romantic,piano
5067312	5002090	2	art-song,classical,classical-period,female-composer,german,song-cycle,piano
5100067	5002090	1	art-song,classical,classical-period,female-composer,german,song-cycle,piano
5002087	5002090	1	art-song,classical,classical-period,female-composer,german,song-cycle,piano
5100073	5002090	1	art-song,classical,classical-period,female-composer,german,song-cycle,piano
5100080	5002090	2	art-song,classical,classical-period,female-composer,german,song-cycle,piano
5100188	5002090	2	art-song,classical,classical-period,female-composer,german,song-cycle,piano
5101789	5002090	1	art-song,classical,classical-period,female-composer,german,song-cycle,piano
5002096	5002090	2	art-song,classical,classical-period,female-composer,german,song-cycle,piano
5002100	5002090	2	art-song,classical,classical-period,female-composer,german,song-cycle,piano
5002108	5002090	2	art-song,classical,classical-period,female-composer,german,song-cycle,piano
5002111	5002090	1	art-song,classical,classical-period,female-composer,german,song-cycle,piano
5101826	5002090	2	art-song,classical,classical-period,female-composer,german,song-cycle,piano
5087917	5001873	2	art-song,classical,classical-period,female-composer,german,sea-and-water,song-cycle,piano
5002130	5001873	2	art-song,classical,classical-period,female-composer,german,song-cycle,piano
5046249	5001873	2	art-song,classical,classical-period,female-composer,german,song-cycle,piano
5001870	5001873	1	art-song,classical,classical-period,female-composer,german,song-cycle,piano
5001880	5001873	1	art-song,classical,classical-period,female-composer,german,song-cycle,piano
5001911	5001873	2	art-song,classical,classical-period,female-composer,german,song-cycle,piano
5001925	5001873	1	art-song,classical,classical-period,female-composer,folk,german,song-cycle,piano
5001930	5001873	2	art-song,classical,classical-period,female-composer,german,song-cycle,piano
5001937	5001873	2	art-song,classical,classical-period,female-composer,german,song-cycle,piano
5087944	5001873	1	art-song,classical,classical-period,female-composer,german,song-cycle,piano
5087973	5001873	1	art-song,classical,classical-period,female-composer,german,sea-and-water,song-cycle,piano
5001945	5001873	3	art-song,classical,classical-period,female-composer,german,night,song-cycle,piano
5001965	5001966	1	art-song,classical,classical-period,female-composer,german,song-cycle,piano
5061310	5001966	2	art-song,classical,classical-period,female-composer,german,song-cycle,travel,piano
5001980	5001966	1	art-song,classical,classical-period,female-composer,german,nature,song-cycle,piano
5001994	5001966	2	art-song,classical,classical-period,female-composer,german,song-cycle,piano
5001997	5001966	2	art-song,birds,classical,classical-period,female-composer,german,song-cycle,piano
5002006	5001966	2	art-song,classical,classical-period,female-composer,german,song-cycle,piano
5046362	5001966	1	art-song,classical,classical-period,female-composer,german,nature,song-cycle,piano
5002015	5001966	1	art-song,classical,classical-period,female-composer,german,song-cycle,piano
5002019	5001966	2	art-song,classical,classical-period,female-composer,german,song-cycle,piano
5061932	5001966	1	art-song,classical,classical-period,female-composer,german,night,song-cycle,piano
5002026	5001966	1	art-song,classical,classical-period,female-composer,german,song-cycle,piano
5062143	5001966	2	art-song,classical,classical-period,female-composer,german,song-cycle,piano
5002041	5002042	1	art-song,classical,classical-period,female-composer,german,song-cycle,piano
5002052	5002042	2	art-song,classical,classical-period,female-composer,german,song-cycle,piano
5092560	5002042	1	art-song,classical,classical-period,female-composer,german,song-cycle,piano
5092551	5002042	1	art-song,classical,classical-period,female-composer,german,song-cycle,piano
5002062	5002042	1	art-song,classical,classical-period,female-composer,german,song-cycle,piano
5092612	5002042	1	art-song,classical,classical-period,female-composer,german,song-cycle,piano
5002078	5002042	1	art-song,classical,classical-period,female-composer,german,song-cycle,piano
6449397	5105824	2	art-song,british,classical,late-romantic,romantic,piano
6986065	5110233	1	art-song,classical,french,impressionism,late-romantic,romantic,piano
6986302	5110233	1	art-song,classical,french,impressionism,late-romantic,romantic,piano
6987889	5110233	2	art-song,classical,french,impressionism,late-romantic,romantic,piano
6987705	5110233	2	art-song,classical,french,impressionism,late-romantic,romantic,piano
6993176	5110233	2	art-song,classical,french,impressionism,late-romantic,romantic,piano
6988229	5110243	1	art-song,classical,french,impressionism,late-romantic,romantic,song-cycle,piano
6990810	5110243	1	art-song,classical,french,impressionism,late-romantic,romantic,song-cycle,piano
6990957	5110243	1	art-song,classical,french,impressionism,late-romantic,mourning,romantic,song-cycle,piano
6481218	5106049	1	art-song,classical,french,impressionism,late-romantic,romantic,song-cycle,piano
6481941	5106049	1	art-song,classical,french,impressionism,late-romantic,romantic,song-cycle,piano
6482032	5106049	2	art-song,classical,french,impressionism,late-romantic,mourning,romantic,song-cycle,piano
6017264	5102093	2	art-song,classical,classical-period,female-composer,german,song-cycle,piano
6017336	5102093	1	art-song,classical,classical-period,female-composer,german,song-cycle,piano
6019054	5102093	2	art-song,classical,classical-period,female-composer,german,song-cycle,piano
6019093	5102093	2	art-song,classical,classical-period,female-composer,german,night,song-cycle,piano
6019300	5102093	1	art-song,classical,classical-period,female-composer,german,song-cycle,piano
6021037	5102093	1	art-song,classical,classical-period,female-composer,german,seasons,song-cycle,piano
6022417	5102093	1	art-song,classical,classical-period,female-composer,german,song-cycle,piano
6029206	5102093	1	art-song,classical,classical-period,female-composer,german,song-cycle,piano
6030396	5102093	1	art-song,classical,classical-period,female-composer,german,song-cycle,piano
6030481	5102093	1	art-song,classical,classical-period,female-composer,german,song-cycle,piano
6111180	5102093	1	art-song,classical,classical-period,female-composer,german,song-cycle,piano
6039262	5102093	2	art-song,classical,classical-period,female-composer,german,song-cycle,piano
6045936	5102093	1	art-song,classical,classical-period,female-composer,german,song-cycle,piano
6047364	5102093	3	art-song,classical,classical-period,female-composer,german,love,song-cycle,piano
6047553	5102093	1	art-song,classical,classical-period,female-composer,german,song-cycle,piano
6050218	5102093	2	art-song,classical,classical-period,female-composer,german,song-cycle,piano
6050301	5102093	1	art-song,classical,classical-period,female-composer,german,song-cycle,piano
6050547	5102093	1	art-song,classical,classical-period,dance,female-composer,german,song-cycle,piano
6051638	5102093	1	art-song,classical,classical-period,female-composer,german,song-cycle,piano
6051719	5102093	1	art-song,classical,classical-period,female-composer,german,song-cycle,piano
6053913	5102093	1	art-song,classical,classical-period,female-composer,german,seasons,song-cycle,piano
6053984	5102093	1	art-song,classical,classical-period,female-composer,german,nature,song-cycle,piano
6054087	5102093	1	art-song,classical,classical-period,female-composer,german,song-cycle,piano
6054227	5102093	1	art-song,classical,classical-period,female-composer,german,song-cycle,piano
6054943	5102093	1	art-song,classical,classical-period,female-composer,german,song-cycle,piano
6180725	5101602	1	art-song,austrian,classical,classical-period,piano
5946872	5101602	1	art-song,austrian,classical,classical-period,piano
6900961	5101602	3	art-song,austrian,classical,classical-period,piano
7111114	5101602	2	art-song,austrian,classical,classical-period,piano
6834411	5101602	1	art-song,austrian,classical,classical-period,piano
7071193	5101602	3	art-song,austrian,classical,classical-period,piano
5133353	5101602	2	art-song,austrian,classical,classical-period,serenade,piano
5093434	5016678	2	art-song,austrian,classical,classical-period,song-cycle,piano
4988600	5016678	2	art-song,austrian,classical,classical-period,song-cycle,piano
5093748	5016678	2	art-song,austrian,classical,classical-period,song-cycle,piano
5093803	5016678	3	art-song,austrian,classical,classical-period,song-cycle,piano
6485233	5106080	2	art-song,austrian,classical,classical-period,night,song-cycle,piano
6486395	5106080	1	art-song,austrian,classical,classical-period,song-cycle,piano
6486443	5106080	2	art-song,austrian,classical,classical-period,song-cycle,piano
6487832	5106080	1	art-song,austrian,classical,classical-period,song-cycle,piano
5004731	5004732	2	art-song,austrian,classical,classical-period,song-cycle,piano
4982535	5004732	3	art-song,austrian,classical,classical-period,song-cycle,piano
4985937	5004732	3	art-song,austrian,classical,classical-period,song-cycle,piano
4985925	5004732	2	art-song,austrian,classical,classical-period,sea-and-water,song-cycle,piano
4985924	5004732	2	art-song,austrian,classical,classical-period,song-cycle,piano
4985930	5004732	2	art-song,austrian,classical,classical-period,song-cycle,piano
4985951	5004732	3	art-song,austrian,classical,classical-period,song-cycle,piano
5025982	5004732	2	art-song,austrian,classical,classical-period,song-cycle,piano
4985932	5004732	1	art-song,austrian,classical,classical-period,song-cycle,piano
5025985	5004732	1	art-song,austrian,classical,classical-period,song-cycle,piano
4985938	5004732	1	art-song,austrian,classical,classical-period,song-cycle,piano
4985946	5004732	2	art-song,austrian,classical,classical-period,song-cycle,piano
4985940	5004732	2	art-song,austrian,classical,classical-period,song-cycle,piano
4985927	5004732	1	art-song,austrian,classical,classical-period,song-cycle,piano
5026236	5004732	2	art-song,austrian,classical,classical-period,song-cycle,piano
4985935	5004732	3	art-song,austrian,classical,classical-period,love,song-cycle,piano
4985934	5004732	3	art-song,austrian,classical,classical-period,song-cycle,piano
4985949	5004732	3	art-song,austrian,classical,classical-period,song-cycle,piano
4985922	5004732	2	art-song,austrian,classical,classical-period,sea-and-water,song-cycle,piano
4985931	5004732	2	art-song,austrian,classical,classical-period,lullaby,song-cycle,piano
6838113	5109410	3	art-song,austrian,classical,classical-period,song-cycle,piano
6834474	5109410	3	art-song,austrian,classical,classical-period,mourning,song-cycle,piano
6181353	5103429	2	art-song,austrian,classical,classical-period,song-cycle,piano
6181076	5103429	2	art-song,austrian,classical,classical-period,song-cycle,piano
6181050	5103429	2	art-song,austrian,classical,classical-period,song-cycle,piano
6182149	5103429	2	art-song,austrian,classical,classical-period,song-cycle,piano
6182173	5103429	3	art-song,austrian,classical,classical-period,song-cycle,piano
6389103	5103429	3	art-song,austrian,classical,classical-period,sacred,song-cycle,piano
6389071	5103429	2	art-song,austrian,classical,classical-period,song-cycle,piano
5103323	5032890	2	art-song,austrian,classical,classical-period,song-cycle,piano
4981984	5032890	1	art-song,austrian,classical,classical-period,song-cycle,piano
4919879	5032890	2	art-song,austrian,classical,classical-period,song-cycle,piano
4982491	5032890	1	art-song,austrian,classical,classical-period,song-cycle,piano
4982505	5032891	2	art-song,austrian,classical,classical-period,song-cycle,piano
4982465	5032891	3	art-song,austrian,classical,classical-period,song-cycle,piano
5077744	5004836	3	art-song,austrian,classical,classical-period,song-cycle,piano
4986000	5004836	2	art-song,austrian,classical,classical-period,song-cycle,piano
4985999	5004836	2	art-song,austrian,classical,classical-period,song-cycle,piano
5004835	5004836	2	art-song,austrian,classical,classical-period,serenade,song-cycle,piano
4985990	5004836	3	art-song,austrian,classical,classical-period,song-cycle,piano
4985987	5004836	3	art-song,austrian,classical,classical-period,song-cycle,piano
4978506	5004836	2	art-song,austrian,classical,classical-period,mourning,song-cycle,piano
4985985	5004836	3	art-song,austrian,classical,classical-period,song-cycle,piano
4985984	5004836	2	art-song,austrian,classical,classical-period,song-cycle,piano
5098612	5004836	2	art-song,austrian,classical,classical-period,song-cycle,piano
4985973	5004836	3	art-song,austrian,classical,classical-period,song-cycle,piano
4985965	5004836	3	art-song,austrian,classical,classical-period,sea-and-water,song-cycle,piano
4985964	5004836	1	art-song,austrian,classical,classical-period,song-cycle,piano
4985962	5004836	1	art-song,austrian,classical,classical-period,song-cycle,piano
5015378	5015409	2	art-song,austrian,classical,classical-period,night,song-cycle,piano
5015435	5015409	2	art-song,austrian,classical,classical-period,song-cycle,piano
5015499	5015409	1	art-song,austrian,classical,classical-period,song-cycle,piano
5015573	5015409	3	art-song,austrian,classical,classical-period,song-cycle,piano
5016466	5015409	3	art-song,austrian,classical,classical-period,song-cycle,piano
5016512	5015409	3	art-song,austrian,classical,classical-period,song-cycle,piano
5015410	5015409	3	art-song,austrian,classical,classical-period,song-cycle,piano
5015521	5015409	2	art-song,austrian,classical,classical-period,song-cycle,piano
5023438	5015409	3	art-song,austrian,classical,classical-period,song-cycle,piano
5023517	5015409	1	art-song,austrian,classical,classical-period,song-cycle,piano
5023603	5015409	2	art-song,austrian,classical,classical-period,song-cycle,piano
5023662	5015409	3	art-song,austrian,classical,classical-period,song-cycle,piano
5007176	5015409	2	art-song,austrian,classical,classical-period,song-cycle,piano
5007178	5015409	2	art-song,austrian,classical,classical-period,song-cycle,piano
5007179	5015409	3	art-song,austrian,classical,classical-period,song-cycle,piano
5007180	5015409	2	art-song,austrian,classical,classical-period,song-cycle,piano
5007181	5015409	2	art-song,austrian,classical,classical-period,song-cycle,piano
5007182	5015409	2	art-song,austrian,classical,classical-period,song-cycle,piano
5009833	5015409	1	art-song,austrian,classical,classical-period,song-cycle,piano
5009900	5015409	2	art-song,austrian,classical,classical-period,song-cycle,piano
5013945	5015409	2	art-song,austrian,classical,classical-period,song-cycle,piano
5013969	5015409	2	art-song,austrian,classical,classical-period,song-cycle,piano
5014002	5015409	2	art-song,austrian,classical,classical-period,song-cycle,piano
5014023	5015409	1	art-song,austrian,classical,classical-period,song-cycle,piano
5000388	5101059	1	art-song,classical,female-composer,german,night,romantic,piano
4919673	5101059	2	art-song,classical,female-composer,german,romantic,piano
5133602	5097002	2	art-song,classical,female-composer,german,romantic,song-cycle,piano
5125680	5097002	1	art-song,classical,female-composer,german,romantic,song-cycle,piano
5126774	5097002	3	art-song,classical,female-composer,german,romantic,song-cycle,piano
5126921	5097002	2	art-song,classical,female-composer,german,night,romantic,song-cycle,piano
5130351	5097002	2	art-song,classical,female-composer,german,romantic,song-cycle,piano
5130634	5097002	3	art-song,classical,female-composer,german,romantic,song-cycle,piano
5133647	5097034	1	art-song,classical,female-composer,german,romantic,song-cycle,piano
5133773	5097034	3	art-song,classical,female-composer,german,romantic,song-cycle,piano
5134987	5097034	2	art-song,classical,female-composer,german,romantic,song-cycle,piano
5142672	5097034	1	art-song,classical,female-composer,german,romantic,song-cycle,piano
5142714	5097034	1	art-song,classical,female-composer,german,romantic,song-cycle,piano
5142768	5097034	2	art-song,classical,female-composer,german,romantic,song-cycle,piano
5187781	5016675	3	art-song,classical,female-composer,german,romantic,song-cycle,piano
5000397	5016675	2	art-song,classical,female-composer,german,romantic,song-cycle,piano
5197231	5016675	1	art-song,classical,female-composer,german,romantic,song-cycle,piano
6826352	5109333	2	art-song,classical,german,romantic,song-cycle,piano
6834542	5109333	3	art-song,classical,german,romantic,song-cycle,piano
6826597	5109333	2	art-song,classical,german,love,romantic,song-cycle,piano
6827712	5109333	2	art-song,classical,german,romantic,song-cycle,piano
6828018	5109333	1	art-song,classical,german,romantic,song-cycle,piano
4976777	5003152	3	art-song,classical,german,romantic,song-cycle,piano
4976769	5003152	2	art-song,classical,german,romantic,song-cycle,piano
4976849	5003152	3	art-song,classical,german,nature,romantic,song-cycle,piano
4978368	5003152	2	art-song,classical,german,romantic,song-cycle,piano
4978373	5003152	3	art-song,classical,german,romantic,song-cycle,piano
4978379	5003152	1	art-song,classical,german,romantic,sea-and-water,song-cycle,piano
4978382	5003152	2	art-song,classical,german,romantic,song-cycle,piano
4978387	5003152	3	art-song,classical,german,romantic,song-cycle,piano
4978390	5003152	2	art-song,classical,german,romantic,song-cycle,piano
5003150	5003152	2	art-song,classical,german,romantic,song-cycle,piano
4978393	5003152	1	art-song,classical,german,romantic,song-cycle,piano
4978395	5003152	2	art-song,classical,german,romantic,song-cycle,piano
4978396	5003152	2	art-song,classical,dreams,german,romantic,song-cycle,piano
4978397	5003152	2	art-song,classical,dreams,german,romantic,song-cycle,piano
4978398	5003152	1	art-song,classical,german,romantic,song-cycle,piano
4978400	5003152	2	art-song,classical,german,romantic,song-cycle,piano
4978468	5016693	1	art-song,classical,german,romantic,song-cycle,piano
4978478	5016693	2	art-song,classical,german,romantic,song-cycle,piano
4978485	5016693	1	art-song,classical,german,romantic,song-cycle,piano
4978488	5016693	2	art-song,classical,german,romantic,song-cycle,piano
4978491	5016693	2	art-song,classical,german,romantic,song-cycle,piano
4978494	5016693	2	art-song,classical,german,romantic,song-cycle,piano
4978496	5016693	2	art-song,classical,german,romantic,song-cycle,piano
4978501	5016693	2	art-song,classical,german,romantic,song-cycle,piano
6984262	5109332	1	art-song,classical,german,romantic,song-cycle,piano
6984553	5109332	2	art-song,classical,german,romantic,song-cycle,piano
6834630	5109332	3	art-song,classical,german,romantic,song-cycle,piano
6984631	5109332	2	art-song,classical,german,romantic,song-cycle,piano
6985082	5109332	3	art-song,classical,german,romantic,song-cycle,piano
5080752	5003125	3	art-song,classical,german,romantic,song-cycle,piano
4987618	5003125	2	art-song,classical,german,romantic,song-cycle,piano
4987626	5003125	2	art-song,classical,german,romantic,song-cycle,piano
4987633	5003125	1	art-song,classical,german,romantic,song-cycle,piano
4987640	5003125	3	art-song,classical,german,romantic,song-cycle,piano
4987650	5003125	3	art-song,classical,german,romantic,song-cycle,piano
4987658	5003125	1	art-song,classical,german,romantic,song-cycle,piano
4987661	5003125	3	art-song,classical,german,romantic,song-cycle,piano
4987664	5003125	2	art-song,classical,german,romantic,song-cycle,piano
4987672	5003125	1	art-song,classical,german,romantic,song-cycle,piano
5003122	5003125	1	art-song,classical,german,romantic,song-cycle,piano
4987677	5003125	3	art-song,classical,german,romantic,song-cycle,piano
6885211	5109331	3	art-song,classical,german,romantic,song-cycle,piano
6885263	5109331	2	art-song,classical,german,romantic,song-cycle,piano
6891758	5109331	2	art-song,classical,german,romantic,song-cycle,piano
6909438	5109331	2	art-song,classical,german,romantic,song-cycle,piano
6909543	5109331	1	art-song,classical,german,romantic,song-cycle,piano
6909785	5109331	1	art-song,classical,german,romantic,song-cycle,piano
6909797	5109331	2	art-song,classical,german,romantic,song-cycle,piano
6910703	5109331	1	art-song,classical,german,romantic,song-cycle,piano
6914397	5109331	2	art-song,classical,german,romantic,song-cycle,piano
6915474	5109331	2	art-song,classical,german,romantic,song-cycle,piano
6915729	5109331	2	art-song,classical,german,romantic,song-cycle,piano
6915753	5109331	1	art-song,classical,german,romantic,song-cycle,piano
6916642	5109331	2	art-song,classical,german,mourning,romantic,song-cycle,piano
6917116	5109331	1	art-song,classical,german,lullaby,romantic,song-cycle,piano
6925763	5109331	1	art-song,classical,german,romantic,song-cycle,piano
6834588	5109331	2	art-song,classical,german,romantic,song-cycle,piano
6965894	5109331	1	art-song,classical,german,romantic,song-cycle,piano
6969398	5109331	1	art-song,classical,german,romantic,song-cycle,piano
6974646	5109331	2	art-song,classical,german,romantic,song-cycle,piano
6979621	5109331	1	art-song,classical,german,romantic,song-cycle,piano
6980134	5109331	1	art-song,classical,german,romantic,song-cycle,piano
6980464	5109331	2	art-song,classical,german,romantic,song-cycle,piano
6981173	5109331	1	art-song,classical,german,romantic,song-cycle,piano
6982729	5109331	3	art-song,classical,german,nature,romantic,song-cycle,piano
6982743	5109331	2	art-song,classical,german,romantic,song-cycle,piano
6915685	5109331	2	art-song,classical,german,romantic,song-cycle,piano
6445119	5105781	1	art-song,british,classical,classical-period,piano
6665104	5107787	2	art-song,british,classical,female-composer,late-romantic,romantic,piano
6210838	5103592	2	art-song,british,classical,late-romantic,romantic,song-cycle,piano
6210961	5103592	1	art-song,british,classical,late-romantic,romantic,song-cycle,piano
6211069	5103592	1	art-song,british,classical,late-romantic,romantic,song-cycle,piano
6211877	5103592	1	art-song,british,classical,late-romantic,romantic,seasons,song-cycle,piano
6211903	5103592	2	art-song,british,classical,late-romantic,romantic,song-cycle,piano
6220532	5103592	2	art-song,british,classical,late-romantic,romantic,seasons,song-cycle,piano
6221611	5103592	3	art-song,british,classical,late-romantic,night,romantic,song-cycle,travel,piano
6221650	5103592	2	art-song,british,classical,late-romantic,romantic,song-cycle,piano
6221731	5103592	2	art-song,british,classical,late-romantic,love,romantic,song-cycle,piano
6222828	5103592	2	art-song,british,classical,late-romantic,romantic,song-cycle,piano
6205639	5103541	1	art-song,classical,irish,late-romantic,romantic,song-cycle,piano
6205693	5103541	2	art-song,classical,irish,late-romantic,nature,romantic,song-cycle,piano
6205716	5103541	2	art-song,classical,irish,late-romantic,romantic,song-cycle,piano
6785268	5103542	2	art-song,classical,irish,late-romantic,romantic,song-cycle,piano
6788150	5103542	2	art-song,classical,irish,late-romantic,romantic,song-cycle,piano
6789660	5103542	3	art-song,classical,irish,late-romantic,romantic,song-cycle,piano
6788555	5103542	2	art-song,classical,irish,late-romantic,romantic,song-cycle,piano
6789668	5103542	3	art-song,classical,irish,late-romantic,romantic,song-cycle,piano
6789677	5103542	1	art-song,classical,irish,late-romantic,romantic,song-cycle,piano
6793692	5103542	2	art-song,classical,irish,late-romantic,mourning,romantic,song-cycle,piano
6793961	5103542	2	art-song,classical,irish,late-romantic,romantic,song-cycle,piano
6794671	5103542	2	art-song,classical,irish,late-romantic,romantic,song-cycle,piano
6548253	5106583	2	art-song,classical,irish,late-romantic,romantic,song-cycle,piano
6547240	5106583	2	art-song,classical,irish,late-romantic,romantic,song-cycle,piano
6548234	5106583	2	art-song,classical,irish,late-romantic,romantic,song-cycle,piano
6548281	5106583	2	art-song,classical,irish,late-romantic,romantic,song-cycle,piano
6548330	5106583	3	art-song,classical,irish,late-romantic,romantic,song-cycle,piano
6183554	5102996	2	art-song,classical,german,late-romantic,romantic,song-cycle,piano
6199572	5102996	3	art-song,classical,german,late-romantic,romantic,song-cycle,piano
6199576	5102996	2	art-song,classical,german,late-romantic,romantic,song-cycle,piano
6199578	5102996	2	art-song,classical,german,late-romantic,romantic,song-cycle,piano
6205297	5103593	2	art-song,british,classical,romantic,piano
6205441	5103593	2	art-song,british,classical,romantic,piano
6910499	5108131	1	art-song,classical,female-composer,late-romantic,romantic,swedish,piano
6910483	5108131	1	art-song,classical,dance,female-composer,late-romantic,romantic,swedish,piano
6670960	5107708	1	art-song,classical,female-composer,french,romantic,piano
6574373	5106660	2	art-song,classical,female-composer,french,romantic,piano
6574450	5106660	2	art-song,classical,female-composer,french,romantic,piano
6575233	5106660	2	art-song,classical,female-composer,french,romantic,piano
6575283	5106660	3	art-song,classical,female-composer,french,romantic,piano
6581327	5106660	2	art-song,classical,dreams,female-composer,french,romantic,sacred,piano
6581364	5106660	2	art-song,classical,female-composer,french,romantic,piano
6581778	5106660	2	art-song,classical,female-composer,french,romantic,piano
6582062	5106660	2	art-song,classical,female-composer,french,romantic,piano
6634152	5107407	1	art-song,classical,female-composer,french,romantic,song-cycle,piano
6638810	5107407	2	art-song,classical,female-composer,french,romantic,song-cycle,piano
6639009	5107407	1	art-song,classical,female-composer,french,romantic,song-cycle,piano
6639381	5107407	2	art-song,classical,female-composer,french,romantic,song-cycle,piano
6641060	5107407	1	art-song,classical,female-composer,french,romantic,song-cycle,piano
6641170	5107407	1	art-song,classical,female-composer,french,romantic,song-cycle,piano
6641589	5107407	2	art-song,classical,female-composer,french,romantic,song-cycle,piano
5978033	5101686	2	art-song,classical,female-composer,french,romantic,song-cycle,piano
5988382	5101686	2	art-song,classical,female-composer,french,romantic,song-cycle,piano
5979580	5101686	1	art-song,classical,female-composer,french,romantic,song-cycle,piano
5989772	5101686	2	art-song,classical,female-composer,french,romantic,serenade,song-cycle,piano
5974308	5101686	2	art-song,classical,female-composer,french,romantic,song-cycle,piano
5975897	5101686	1	art-song,classical,female-composer,french,romantic,song-cycle,piano
5026068	5026081	2	art-song,classical,german,romantic,song-cycle,piano
5026077	5026081	2	art-song,classical,german,romantic,song-cycle,piano
5026084	5026081	1	art-song,classical,german,romantic,song-cycle,piano
5026087	5026081	2	art-song,classical,german,romantic,song-cycle,piano
5026092	5026081	2	art-song,classical,dreams,german,romantic,song-cycle,piano
6447286	5103529	2	art-song,british,classical,early-modern,song-cycle,piano
6447342	5103529	2	art-song,british,classical,early-modern,song-cycle,piano
6447372	5103529	2	art-song,british,classical,early-modern,song-cycle,piano
6447758	5103530	1	art-song,british,classical,early-modern,song-cycle,piano
6447825	5103530	2	art-song,british,classical,early-modern,seasons,song-cycle,piano
6447910	5103530	2	art-song,british,classical,early-modern,song-cycle,piano
6232420	5103528	2	art-song,british,classical,early-modern,sea-and-water,song-cycle,piano
6439639	5103528	2	art-song,british,classical,early-modern,song-cycle,piano
6439747	5103528	2	art-song,british,classical,early-modern,song-cycle,piano
6195130	5103527	2	art-song,british,classical,early-modern,song-cycle,piano
6196720	5103527	1	art-song,british,classical,early-modern,song-cycle,piano
6196782	5103527	1	art-song,british,classical,early-modern,song-cycle,piano
6196804	5103527	1	art-song,british,classical,early-modern,song-cycle,piano
6196859	5103527	1	art-song,british,classical,early-modern,song-cycle,piano
6196980	5103527	1	art-song,british,classical,early-modern,song-cycle,piano
6197282	5103527	2	art-song,british,classical,early-modern,song-cycle,piano
6197437	5103527	1	art-song,british,classical,early-modern,song-cycle,piano
6198815	5103527	1	art-song,british,classical,early-modern,song-cycle,piano
6198837	5103527	2	art-song,british,classical,early-modern,song-cycle,piano
6202167	5103527	1	art-song,british,classical,early-modern,song-cycle,piano
6202270	5103527	1	art-song,british,classical,early-modern,song-cycle,piano
6202319	5103527	1	art-song,british,classical,early-modern,lullaby,song-cycle,piano
6715306	5108199	2	art-song,austrian,classical,early-modern,modernism,song-cycle,piano
6715339	5108199	3	art-song,austrian,classical,early-modern,modernism,song-cycle,piano
6715795	5108199	2	art-song,austrian,classical,early-modern,modernism,song-cycle,piano
6716614	5108199	3	art-song,austrian,classical,early-modern,modernism,song-cycle,piano
6716631	5108199	1	art-song,austrian,classical,early-modern,modernism,nature,song-cycle,piano
6725471	5108200	2	art-song,austrian,classical,early-modern,modernism,song-cycle,piano
6725510	5108200	3	art-song,austrian,classical,early-modern,modernism,song-cycle,piano
6725782	5108200	2	art-song,austrian,classical,early-modern,modernism,song-cycle,piano
6725890	5108200	2	art-song,austrian,classical,early-modern,modernism,song-cycle,piano
6726319	5108200	2	art-song,austrian,classical,early-modern,modernism,song-cycle,piano
6230776	5103540	2	art-song,british,classical,female-composer,french,late-romantic,mourning,romantic,piano
6230361	5103540	2	art-song,british,classical,female-composer,french,late-romantic,love,romantic,piano
6202745	5103540	2	art-song,british,classical,female-composer,french,late-romantic,romantic,piano
6202466	5103539	2	art-song,british,children,classical,female-composer,french,late-romantic,romantic,song-cycle,piano
6202530	5103539	2	art-song,british,children,classical,female-composer,french,late-romantic,romantic,song-cycle,piano
6202660	5103539	2	art-song,british,children,classical,female-composer,french,late-romantic,romantic,song-cycle,piano
5016637	5013942	3	art-song,austrian,classical,late-romantic,romantic,song-cycle,piano
5024866	5013942	2	art-song,austrian,classical,late-romantic,romantic,song-cycle,piano
4946077	5013942	2	art-song,austrian,classical,late-romantic,love,romantic,song-cycle,piano
5024834	5013942	2	art-song,austrian,classical,late-romantic,romantic,serenade,song-cycle,piano
5024898	5013942	1	art-song,austrian,classical,late-romantic,romantic,song-cycle,piano,war-and-patriotic
5025040	5013942	2	art-song,austrian,classical,late-romantic,romantic,song-cycle,piano,war-and-patriotic
5079629	5013942	3	art-song,austrian,classical,late-romantic,romantic,song-cycle,piano
5039817	5013942	3	art-song,austrian,classical,late-romantic,romantic,song-cycle,piano
5027811	5013942	2	art-song,austrian,classical,late-romantic,romantic,song-cycle,piano
5032950	5013942	2	art-song,austrian,classical,late-romantic,romantic,song-cycle,piano
4945807	5013942	2	art-song,austrian,classical,late-romantic,romantic,song-cycle,piano
5057797	5013942	2	art-song,austrian,classical,late-romantic,romantic,song-cycle,piano
5052792	5013942	2	art-song,austrian,classical,late-romantic,romantic,song-cycle,piano
5052714	5013942	1	art-song,austrian,classical,late-romantic,romantic,song-cycle,piano
5057804	5013942	3	art-song,austrian,classical,late-romantic,romantic,song-cycle,piano
4928198	5013942	3	art-song,austrian,classical,late-romantic,romantic,song-cycle,piano
5052822	5013942	2	art-song,austrian,classical,late-romantic,mourning,romantic,song-cycle,piano
5067337	5013942	1	art-song,austrian,classical,late-romantic,romantic,song-cycle,piano
5052801	5013942	3	art-song,austrian,classical,late-romantic,night,romantic,song-cycle,piano
5077482	5013942	3	art-song,austrian,classical,late-romantic,romantic,song-cycle,piano
4945676	5032876	2	art-song,austrian,classical,late-romantic,love,romantic,piano
4945954	5032881	2	art-song,austrian,classical,late-romantic,love,romantic,piano
6568070	5105774	2	art-song,classical,irish,late-romantic,romantic,piano
6158642	5103253	1	art-song,classical,classical-period,female-composer,german,song-cycle,piano
6158825	5103253	3	art-song,classical,classical-period,female-composer,german,song-cycle,piano
6159296	5103253	2	art-song,classical,classical-period,female-composer,german,song-cycle,piano
6159273	5103253	2	art-song,classical,classical-period,female-composer,german,song-cycle,piano
6163298	5103253	2	art-song,classical,classical-period,female-composer,german,love,song-cycle,piano
6159729	5103263	2	art-song,classical,classical-period,female-composer,german,song-cycle,piano
6160298	5103263	2	art-song,classical,classical-period,female-composer,german,song-cycle,piano
6162644	5103263	2	art-song,classical,classical-period,female-composer,german,song-cycle,piano
6162666	5103263	2	art-song,classical,classical-period,female-composer,german,song-cycle,piano
6162720	5103263	3	art-song,classical,classical-period,female-composer,german,song-cycle,piano
6164142	5103263	1	art-song,classical,classical-period,female-composer,german,song-cycle,piano
